[{"model": "admin.logentry", "pk": 1, "fields": {"action_time": "2022-03-30T19:36:44.604Z", "user": 1, "content_type": 10, "object_id": "1", "object_repr": "Taps", "action_flag": 1, "change_message": "[{\"added\": {}}]"}}, {"model": "admin.logentry", "pk": 2, "fields": {"action_time": "2022-03-30T19:38:05.775Z", "user": 1, "content_type": 11, "object_id": "1", "object_repr": "4 for 1 beers", "action_flag": 1, "change_message": "[{\"added\": {}}]"}}, {"model": "admin.logentry", "pk": 3, "fields": {"action_time": "2022-03-30T20:28:00.130Z", "user": 1, "content_type": 10, "object_id": "2", "object_repr": "Rileys", "action_flag": 1, "change_message": "[{\"added\": {}}]"}}, {"model": "admin.logentry", "pk": 4, "fields": {"action_time": "2022-04-04T13:05:42.935Z", "user": 2, "content_type": 4, "object_id": "3", "object_repr": "abc", "action_flag": 3, "change_message": ""}}, {"model": "admin.logentry", "pk": 5, "fields": {"action_time": "2022-04-04T13:05:43.028Z", "user": 2, "content_type": 4, "object_id": "4", "object_repr": "acs", "action_flag": 3, "change_message": ""}}, {"model": "admin.logentry", "pk": 6, "fields": {"action_time": "2022-04-04T13:05:43.117Z", "user": 2, "content_type": 4, "object_id": "5", "object_repr": "hhf", "action_flag": 3, "change_message": ""}}, {"model": "admin.logentry", "pk": 7, "fields": {"action_time": "2022-04-04T13:20:00.069Z", "user": 2, "content_type": 4, "object_id": "7", "object_repr": "bbb", "action_flag": 3, "change_message": ""}}, {"model": "admin.logentry", "pk": 8, "fields": {"action_time": "2022-04-04T13:20:00.160Z", "user": 2, "content_type": 4, "object_id": "6", "object_repr": "ddd", "action_flag": 3, "change_message": ""}}, {"model": "admin.logentry", "pk": 9, "fields": {"action_time": "2022-04-04T13:20:00.241Z", "user": 2, "content_type": 4, "object_id": "8", "object_repr": "qqq", "action_flag": 3, "change_message": ""}}, {"model": "admin.logentry", "pk": 10, "fields": {"action_time": "2022-04-04T13:20:00.332Z", "user": 2, "content_type": 4, "object_id": "10", "object_repr": "sss", "action_flag": 3, "change_message": ""}}, {"model": "admin.logentry", "pk": 11, "fields": {"action_time": "2022-04-04T13:20:00.413Z", "user": 2, "content_type": 4, "object_id": "9", "object_repr": "zzz", "action_flag": 3, "change_message": ""}}, {"model": "admin.logentry", "pk": 12, "fields": {"action_time": "2022-04-04T13:42:44.509Z", "user": 2, "content_type": 9, "object_id": "1", "object_repr": "aaa", "action_flag": 1, "change_message": "[{\"added\": {}}]"}}, {"model": "admin.logentry", "pk": 13, "fields": {"action_time": "2022-04-04T13:43:10.878Z", "user": 2, "content_type": 9, "object_id": "2", "object_repr": "qqq", "action_flag": 1, "change_message": "[{\"added\": {}}]"}}, {"model": "admin.logentry", "pk": 14, "fields": {"action_time": "2022-04-04T15:06:07.338Z", "user": 2, "content_type": 4, "object_id": "11", "object_repr": "qqq", "action_flag": 3, "change_message": ""}}, {"model": "admin.logentry", "pk": 15, "fields": {"action_time": "2022-04-04T15:21:04.847Z", "user": 2, "content_type": 4, "object_id": "12", "object_repr": "ppp", "action_flag": 3, "change_message": ""}}, {"model": "admin.logentry", "pk": 16, "fields": {"action_time": "2022-04-04T20:29:18.904Z", "user": 1, "content_type": 10, "object_id": "2", "object_repr": "Rileys", "action_flag": 3, "change_message": ""}}, {"model": "admin.logentry", "pk": 17, "fields": {"action_time": "2022-04-04T20:29:18.910Z", "user": 1, "content_type": 10, "object_id": "1", "object_repr": "Taps", "action_flag": 3, "change_message": ""}}, {"model": "admin.logentry", "pk": 18, "fields": {"action_time": "2022-04-04T20:30:59.774Z", "user": 1, "content_type": 10, "object_id": "3", "object_repr": "Tacklebox", "action_flag": 1, "change_message": "[{\"added\": {}}]"}}, {"model": "admin.logentry", "pk": 19, "fields": {"action_time": "2022-04-04T20:32:39.753Z", "user": 1, "content_type": 10, "object_id": "4", "object_repr": "Sol Mexican Grill", "action_flag": 1, "change_message": "[{\"added\": {}}]"}}, {"model": "admin.logentry", "pk": 20, "fields": {"action_time": "2022-04-04T20:33:38.743Z", "user": 1, "content_type": 10, "object_id": "5", "object_repr": "Bowlero Chico", "action_flag": 1, "change_message": "[{\"added\": {}}]"}}, {"model": "admin.logentry", "pk": 21, "fields": {"action_time": "2022-04-04T20:34:41.888Z", "user": 1, "content_type": 10, "object_id": "6", "object_repr": "La Hacienda", "action_flag": 1, "change_message": "[{\"added\": {}}]"}}, {"model": "admin.logentry", "pk": 22, "fields": {"action_time": "2022-04-04T20:35:58.984Z", "user": 1, "content_type": 10, "object_id": "7", "object_repr": "Buffalo Wild Wings", "action_flag": 1, "change_message": "[{\"added\": {}}]"}}, {"model": "admin.logentry", "pk": 23, "fields": {"action_time": "2022-04-04T20:36:54.725Z", "user": 1, "content_type": 10, "object_id": "8", "object_repr": "The Pour House", "action_flag": 1, "change_message": "[{\"added\": {}}]"}}, {"model": "admin.logentry", "pk": 24, "fields": {"action_time": "2022-04-04T20:38:16.367Z", "user": 1, "content_type": 10, "object_id": "9", "object_repr": "Nash's Restaurant", "action_flag": 1, "change_message": "[{\"added\": {}}]"}}, {"model": "admin.logentry", "pk": 25, "fields": {"action_time": "2022-04-04T20:39:16.944Z", "user": 1, "content_type": 10, "object_id": "10", "object_repr": "Unwined Kitchen & Bar", "action_flag": 1, "change_message": "[{\"added\": {}}]"}}, {"model": "admin.logentry", "pk": 26, "fields": {"action_time": "2022-04-04T20:40:46.636Z", "user": 1, "content_type": 10, "object_id": "11", "object_repr": "Burgers & Brew", "action_flag": 1, "change_message": "[{\"added\": {}}]"}}, {"model": "admin.logentry", "pk": 27, "fields": {"action_time": "2022-04-04T20:41:57.747Z", "user": 1, "content_type": 10, "object_id": "12", "object_repr": "Woodstock's Pizza", "action_flag": 1, "change_message": "[{\"added\": {}}]"}}, {"model": "admin.logentry", "pk": 28, "fields": {"action_time": "2022-04-04T20:43:16.023Z", "user": 1, "content_type": 10, "object_id": "13", "object_repr": "La Salles", "action_flag": 1, "change_message": "[{\"added\": {}}]"}}, {"model": "admin.logentry", "pk": 29, "fields": {"action_time": "2022-04-04T20:44:49.849Z", "user": 1, "content_type": 10, "object_id": "14", "object_repr": "Bella's Sports Pub", "action_flag": 1, "change_message": "[{\"added\": {}}]"}}, {"model": "admin.logentry", "pk": 30, "fields": {"action_time": "2022-04-04T20:45:59.218Z", "user": 1, "content_type": 10, "object_id": "15", "object_repr": "Riley's", "action_flag": 1, "change_message": "[{\"added\": {}}]"}}, {"model": "admin.logentry", "pk": 31, "fields": {"action_time": "2022-04-04T20:47:20.924Z", "user": 1, "content_type": 10, "object_id": "16", "object_repr": "Joe's Bar", "action_flag": 1, "change_message": "[{\"added\": {}}]"}}, {"model": "admin.logentry", "pk": 32, "fields": {"action_time": "2022-04-04T20:49:12.505Z", "user": 1, "content_type": 10, "object_id": "17", "object_repr": "Franky's", "action_flag": 1, "change_message": "[{\"added\": {}}]"}}, {"model": "admin.logentry", "pk": 33, "fields": {"action_time": "2022-04-04T20:50:47.687Z", "user": 1, "content_type": 10, "object_id": "18", "object_repr": "Taps Bar & Grill", "action_flag": 1, "change_message": "[{\"added\": {}}]"}}, {"model": "admin.logentry", "pk": 34, "fields": {"action_time": "2022-04-04T20:51:41.625Z", "user": 1, "content_type": 10, "object_id": "19", "object_repr": "Oasis Bar & Grill", "action_flag": 1, "change_message": "[{\"added\": {}}]"}}, {"model": "admin.logentry", "pk": 35, "fields": {"action_time": "2022-04-04T22:17:22.626Z", "user": 1, "content_type": 10, "object_id": "20", "object_repr": "Argus", "action_flag": 1, "change_message": "[{\"added\": {}}]"}}, {"model": "admin.logentry", "pk": 36, "fields": {"action_time": "2022-04-04T22:19:23.458Z", "user": 1, "content_type": 10, "object_id": "21", "object_repr": "Crush", "action_flag": 1, "change_message": "[{\"added\": {}}]"}}, {"model": "admin.logentry", "pk": 37, "fields": {"action_time": "2022-04-04T22:32:24.256Z", "user": 1, "content_type": 10, "object_id": "22", "object_repr": "Tres Hombres Long Bar & Grill", "action_flag": 1, "change_message": "[{\"added\": {}}]"}}, {"model": "admin.logentry", "pk": 38, "fields": {"action_time": "2022-04-06T20:36:47.853Z", "user": 1, "content_type": 9, "object_id": "3", "object_repr": "test", "action_flag": 1, "change_message": "[{\"added\": {}}]"}}, {"model": "admin.logentry", "pk": 39, "fields": {"action_time": "2022-04-06T21:32:43.726Z", "user": 1, "content_type": 9, "object_id": "1", "object_repr": "Test Location", "action_flag": 1, "change_message": "[{\"added\": {}}]"}}, {"model": "admin.logentry", "pk": 40, "fields": {"action_time": "2022-04-06T21:33:12.724Z", "user": 1, "content_type": 8, "object_id": "1", "object_repr": "Test Event", "action_flag": 1, "change_message": "[{\"added\": {}}]"}}, {"model": "admin.logentry", "pk": 41, "fields": {"action_time": "2022-04-11T19:42:31.003Z", "user": 1, "content_type": 9, "object_id": "2", "object_repr": "Tacklebox", "action_flag": 1, "change_message": "[{\"added\": {}}]"}}, {"model": "admin.logentry", "pk": 42, "fields": {"action_time": "2022-04-11T19:44:00.920Z", "user": 1, "content_type": 9, "object_id": "3", "object_repr": "The Commons Social Empourium", "action_flag": 1, "change_message": "[{\"added\": {}}]"}}, {"model": "admin.logentry", "pk": 43, "fields": {"action_time": "2022-04-11T19:45:48.834Z", "user": 1, "content_type": 9, "object_id": "4", "object_repr": "Secret Trail Brewing Company", "action_flag": 1, "change_message": "[{\"added\": {}}]"}}, {"model": "admin.logentry", "pk": 44, "fields": {"action_time": "2022-04-11T19:47:29.169Z", "user": 1, "content_type": 9, "object_id": "5", "object_repr": "Mulberry Station Brewing Company", "action_flag": 1, "change_message": "[{\"added\": {}}]"}}, {"model": "admin.logentry", "pk": 45, "fields": {"action_time": "2022-04-11T19:49:52.172Z", "user": 1, "content_type": 9, "object_id": "6", "object_repr": "The Handlebar", "action_flag": 1, "change_message": "[{\"added\": {}}]"}}, {"model": "admin.logentry", "pk": 46, "fields": {"action_time": "2022-04-11T19:50:49.305Z", "user": 1, "content_type": 9, "object_id": "7", "object_repr": "Sol Mexican Grill", "action_flag": 1, "change_message": "[{\"added\": {}}]"}}, {"model": "admin.logentry", "pk": 47, "fields": {"action_time": "2022-04-11T19:51:44.372Z", "user": 1, "content_type": 9, "object_id": "8", "object_repr": "Bowlero Chico", "action_flag": 1, "change_message": "[{\"added\": {}}]"}}, {"model": "admin.logentry", "pk": 48, "fields": {"action_time": "2022-04-11T19:52:47.876Z", "user": 1, "content_type": 9, "object_id": "9", "object_repr": "Wine Time", "action_flag": 1, "change_message": "[{\"added\": {}}]"}}, {"model": "admin.logentry", "pk": 49, "fields": {"action_time": "2022-04-11T19:53:23.489Z", "user": 1, "content_type": 9, "object_id": "10", "object_repr": "The Lost Dutchman Taproom", "action_flag": 1, "change_message": "[{\"added\": {}}]"}}, {"model": "admin.logentry", "pk": 50, "fields": {"action_time": "2022-04-11T19:54:00.482Z", "user": 1, "content_type": 9, "object_id": "11", "object_repr": "Studio Inn", "action_flag": 1, "change_message": "[{\"added\": {}}]"}}, {"model": "admin.logentry", "pk": 51, "fields": {"action_time": "2022-04-11T19:54:44.691Z", "user": 1, "content_type": 9, "object_id": "12", "object_repr": "La Hacienda", "action_flag": 1, "change_message": "[{\"added\": {}}]"}}, {"model": "admin.logentry", "pk": 52, "fields": {"action_time": "2022-04-11T19:55:43.128Z", "user": 1, "content_type": 9, "object_id": "13", "object_repr": "Farm Star Pizza", "action_flag": 1, "change_message": "[{\"added\": {}}]"}}, {"model": "admin.logentry", "pk": 53, "fields": {"action_time": "2022-04-11T19:56:30.947Z", "user": 1, "content_type": 9, "object_id": "14", "object_repr": "Buffalo Wild Wings", "action_flag": 1, "change_message": "[{\"added\": {}}]"}}, {"model": "admin.logentry", "pk": 54, "fields": {"action_time": "2022-04-11T19:59:05.049Z", "user": 1, "content_type": 9, "object_id": "15", "object_repr": "The Chico Taproom", "action_flag": 1, "change_message": "[{\"added\": {}}]"}}, {"model": "admin.logentry", "pk": 55, "fields": {"action_time": "2022-04-11T19:59:44.358Z", "user": 1, "content_type": 9, "object_id": "16", "object_repr": "The Pour House", "action_flag": 1, "change_message": "[{\"added\": {}}]"}}, {"model": "admin.logentry", "pk": 56, "fields": {"action_time": "2022-04-11T20:00:47.846Z", "user": 1, "content_type": 9, "object_id": "17", "object_repr": "Nash's Restaurant", "action_flag": 1, "change_message": "[{\"added\": {}}]"}}, {"model": "admin.logentry", "pk": 57, "fields": {"action_time": "2022-04-11T20:01:51.530Z", "user": 1, "content_type": 9, "object_id": "18", "object_repr": "Unwined Kitchen & Bar", "action_flag": 1, "change_message": "[{\"added\": {}}]"}}, {"model": "admin.logentry", "pk": 58, "fields": {"action_time": "2022-04-11T20:02:40.951Z", "user": 1, "content_type": 9, "object_id": "19", "object_repr": "Burgers & Brew", "action_flag": 1, "change_message": "[{\"added\": {}}]"}}, {"model": "admin.logentry", "pk": 59, "fields": {"action_time": "2022-04-11T20:03:50.773Z", "user": 1, "content_type": 9, "object_id": "20", "object_repr": "Woodstock's Pizza", "action_flag": 1, "change_message": "[{\"added\": {}}]"}}, {"model": "admin.logentry", "pk": 60, "fields": {"action_time": "2022-04-11T20:05:53.568Z", "user": 1, "content_type": 9, "object_id": "21", "object_repr": "Duffy's Tavern", "action_flag": 1, "change_message": "[{\"added\": {}}]"}}, {"model": "admin.logentry", "pk": 61, "fields": {"action_time": "2022-04-11T20:07:07.239Z", "user": 1, "content_type": 9, "object_id": "22", "object_repr": "La Salles", "action_flag": 1, "change_message": "[{\"added\": {}}]"}}, {"model": "admin.logentry", "pk": 62, "fields": {"action_time": "2022-04-11T20:07:51.648Z", "user": 1, "content_type": 9, "object_id": "23", "object_repr": "Bella's Sports Pub", "action_flag": 1, "change_message": "[{\"added\": {}}]"}}, {"model": "admin.logentry", "pk": 63, "fields": {"action_time": "2022-04-11T20:09:03.900Z", "user": 1, "content_type": 9, "object_id": "24", "object_repr": "The Rawbar Restaurant & Sushi", "action_flag": 1, "change_message": "[{\"added\": {}}]"}}, {"model": "admin.logentry", "pk": 64, "fields": {"action_time": "2022-04-11T20:10:22.447Z", "user": 1, "content_type": 9, "object_id": "25", "object_repr": "Riley's", "action_flag": 1, "change_message": "[{\"added\": {}}]"}}, {"model": "admin.logentry", "pk": 65, "fields": {"action_time": "2022-04-11T20:10:49.429Z", "user": 1, "content_type": 9, "object_id": "26", "object_repr": "Joe's Bar", "action_flag": 1, "change_message": "[{\"added\": {}}]"}}, {"model": "admin.logentry", "pk": 66, "fields": {"action_time": "2022-04-11T20:11:55.608Z", "user": 1, "content_type": 9, "object_id": "27", "object_repr": "Franky's", "action_flag": 1, "change_message": "[{\"added\": {}}]"}}, {"model": "admin.logentry", "pk": 67, "fields": {"action_time": "2022-04-11T20:13:01.450Z", "user": 1, "content_type": 9, "object_id": "28", "object_repr": "Taps Bar & Grill", "action_flag": 1, "change_message": "[{\"added\": {}}]"}}, {"model": "admin.logentry", "pk": 68, "fields": {"action_time": "2022-04-11T20:14:21.985Z", "user": 1, "content_type": 9, "object_id": "29", "object_repr": "Oasis Bar & Grill", "action_flag": 1, "change_message": "[{\"added\": {}}]"}}, {"model": "admin.logentry", "pk": 69, "fields": {"action_time": "2022-04-11T20:14:57.273Z", "user": 1, "content_type": 9, "object_id": "30", "object_repr": "Argus", "action_flag": 1, "change_message": "[{\"added\": {}}]"}}, {"model": "admin.logentry", "pk": 70, "fields": {"action_time": "2022-04-11T20:15:52.535Z", "user": 1, "content_type": 9, "object_id": "31", "object_repr": "B Street Public House", "action_flag": 1, "change_message": "[{\"added\": {}}]"}}, {"model": "admin.logentry", "pk": 71, "fields": {"action_time": "2022-04-11T20:17:41.454Z", "user": 1, "content_type": 9, "object_id": "32", "object_repr": "Bill's Towne Lounge", "action_flag": 1, "change_message": "[{\"added\": {}}]"}}, {"model": "admin.logentry", "pk": 72, "fields": {"action_time": "2022-04-11T20:18:51.358Z", "user": 1, "content_type": 9, "object_id": "33", "object_repr": "The Banshee", "action_flag": 1, "change_message": "[{\"added\": {}}]"}}, {"model": "admin.logentry", "pk": 73, "fields": {"action_time": "2022-04-11T20:20:24.284Z", "user": 1, "content_type": 9, "object_id": "34", "object_repr": "Crush", "action_flag": 1, "change_message": "[{\"added\": {}}]"}}, {"model": "admin.logentry", "pk": 74, "fields": {"action_time": "2022-04-11T20:21:33.032Z", "user": 1, "content_type": 9, "object_id": "35", "object_repr": "Panama Bar Cafe", "action_flag": 1, "change_message": "[{\"added\": {}}]"}}, {"model": "admin.logentry", "pk": 75, "fields": {"action_time": "2022-04-11T20:22:05.321Z", "user": 1, "content_type": 9, "object_id": "36", "object_repr": "The University Bar", "action_flag": 1, "change_message": "[{\"added\": {}}]"}}, {"model": "admin.logentry", "pk": 76, "fields": {"action_time": "2022-04-11T20:23:01.315Z", "user": 1, "content_type": 9, "object_id": "37", "object_repr": "Madison Bear Garden", "action_flag": 1, "change_message": "[{\"added\": {}}]"}}, {"model": "admin.logentry", "pk": 77, "fields": {"action_time": "2022-04-11T20:23:55.617Z", "user": 1, "content_type": 9, "object_id": "38", "object_repr": "Tres Hombres Long Bar & Grill", "action_flag": 1, "change_message": "[{\"added\": {}}]"}}, {"model": "admin.logentry", "pk": 78, "fields": {"action_time": "2022-04-11T20:24:58.224Z", "user": 1, "content_type": 9, "object_id": "39", "object_repr": "Parkside Taphouse", "action_flag": 1, "change_message": "[{\"added\": {}}]"}}, {"model": "admin.logentry", "pk": 79, "fields": {"action_time": "2022-04-11T20:25:42.997Z", "user": 1, "content_type": 9, "object_id": "40", "object_repr": "5th Street Steakhouse", "action_flag": 1, "change_message": "[{\"added\": {}}]"}}, {"model": "admin.logentry", "pk": 80, "fields": {"action_time": "2022-04-11T20:26:30.813Z", "user": 1, "content_type": 9, "object_id": "41", "object_repr": "Down Lo", "action_flag": 1, "change_message": "[{\"added\": {}}]"}}, {"model": "admin.logentry", "pk": 81, "fields": {"action_time": "2022-04-11T20:28:20.339Z", "user": 1, "content_type": 9, "object_id": "42", "object_repr": "Quacker's Fire Grill & Bar", "action_flag": 1, "change_message": "[{\"added\": {}}]"}}, {"model": "admin.logentry", "pk": 82, "fields": {"action_time": "2022-04-13T01:24:16.746Z", "user": 1, "content_type": 9, "object_id": "2", "object_repr": "Tacklebox", "action_flag": 2, "change_message": "[{\"changed\": {\"fields\": [\"Picture\"]}}]"}}, {"model": "admin.logentry", "pk": 83, "fields": {"action_time": "2022-04-13T01:28:56.702Z", "user": 1, "content_type": 9, "object_id": "2", "object_repr": "Tacklebox", "action_flag": 2, "change_message": "[{\"changed\": {\"fields\": [\"Picture\"]}}]"}}, {"model": "admin.logentry", "pk": 84, "fields": {"action_time": "2022-04-13T01:32:53.118Z", "user": 1, "content_type": 9, "object_id": "2", "object_repr": "Tacklebox", "action_flag": 2, "change_message": "[{\"changed\": {\"fields\": [\"Picture\"]}}]"}}, {"model": "admin.logentry", "pk": 85, "fields": {"action_time": "2022-04-13T17:59:47.207Z", "user": 1, "content_type": 4, "object_id": "14", "object_repr": "aadawd", "action_flag": 3, "change_message": ""}}, {"model": "admin.logentry", "pk": 86, "fields": {"action_time": "2022-04-13T17:59:47.210Z", "user": 1, "content_type": 4, "object_id": "13", "object_repr": "qqq", "action_flag": 3, "change_message": ""}}, {"model": "admin.logentry", "pk": 87, "fields": {"action_time": "2022-04-13T17:59:47.212Z", "user": 1, "content_type": 4, "object_id": "15", "object_repr": "www", "action_flag": 3, "change_message": ""}}, {"model": "admin.logentry", "pk": 88, "fields": {"action_time": "2022-04-13T18:00:27.983Z", "user": 1, "content_type": 4, "object_id": "18", "object_repr": "reembot01", "action_flag": 1, "change_message": "[{\"added\": {}}]"}}, {"model": "admin.logentry", "pk": 89, "fields": {"action_time": "2022-04-13T18:03:56.766Z", "user": 1, "content_type": 8, "object_id": "3", "object_repr": "2-for-1 Burgers", "action_flag": 1, "change_message": "[{\"added\": {}}]"}}, {"model": "admin.logentry", "pk": 90, "fields": {"action_time": "2022-04-13T19:33:42.048Z", "user": 1, "content_type": 8, "object_id": "4", "object_repr": "Happy Hour", "action_flag": 1, "change_message": "[{\"added\": {}}]"}}, {"model": "admin.logentry", "pk": 91, "fields": {"action_time": "2022-04-13T19:35:32.470Z", "user": 1, "content_type": 8, "object_id": "4", "object_repr": "La Salles Monday Happy Hour", "action_flag": 2, "change_message": "[{\"changed\": {\"fields\": [\"Event Title\"]}}]"}}, {"model": "admin.logentry", "pk": 92, "fields": {"action_time": "2022-04-13T19:39:56.286Z", "user": 1, "content_type": 8, "object_id": "5", "object_repr": "La Salles Tuesday Happy Hour", "action_flag": 1, "change_message": "[{\"added\": {}}]"}}, {"model": "admin.logentry", "pk": 93, "fields": {"action_time": "2022-04-13T19:44:37.649Z", "user": 1, "content_type": 8, "object_id": "5", "object_repr": "Happy Hour", "action_flag": 2, "change_message": "[{\"changed\": {\"fields\": [\"Event Title\", \"Event Description\"]}}]"}}, {"model": "admin.logentry", "pk": 94, "fields": {"action_time": "2022-04-13T19:45:41.228Z", "user": 1, "content_type": 8, "object_id": "4", "object_repr": "Happy Hour", "action_flag": 2, "change_message": "[{\"changed\": {\"fields\": [\"Event Title\", \"Event Description\"]}}]"}}, {"model": "admin.logentry", "pk": 95, "fields": {"action_time": "2022-04-13T19:48:09.290Z", "user": 1, "content_type": 8, "object_id": "4", "object_repr": "Happy Hour", "action_flag": 2, "change_message": "[{\"changed\": {\"fields\": [\"Event Description\"]}}]"}}, {"model": "admin.logentry", "pk": 96, "fields": {"action_time": "2022-04-13T22:53:03.375Z", "user": 1, "content_type": 8, "object_id": "6", "object_repr": "Happy Hour", "action_flag": 1, "change_message": "[{\"added\": {}}]"}}, {"model": "admin.logentry", "pk": 97, "fields": {"action_time": "2022-04-13T22:53:12.002Z", "user": 1, "content_type": 8, "object_id": "5", "object_repr": "Happy Hour", "action_flag": 2, "change_message": "[]"}}, {"model": "admin.logentry", "pk": 98, "fields": {"action_time": "2022-04-13T22:53:15.814Z", "user": 1, "content_type": 8, "object_id": "4", "object_repr": "Happy Hour", "action_flag": 2, "change_message": "[]"}}, {"model": "admin.logentry", "pk": 99, "fields": {"action_time": "2022-04-13T22:53:28.139Z", "user": 1, "content_type": 8, "object_id": "5", "object_repr": "Happy Hour", "action_flag": 2, "change_message": "[{\"changed\": {\"fields\": [\"Event Description\"]}}]"}}, {"model": "admin.logentry", "pk": 100, "fields": {"action_time": "2022-04-13T22:53:49.763Z", "user": 1, "content_type": 8, "object_id": "7", "object_repr": "Happy Hour", "action_flag": 1, "change_message": "[{\"added\": {}}]"}}, {"model": "admin.logentry", "pk": 101, "fields": {"action_time": "2022-04-13T22:54:28.654Z", "user": 1, "content_type": 8, "object_id": "8", "object_repr": "Happy Hour", "action_flag": 1, "change_message": "[{\"added\": {}}]"}}, {"model": "admin.logentry", "pk": 102, "fields": {"action_time": "2022-04-13T22:54:55.125Z", "user": 1, "content_type": 8, "object_id": "9", "object_repr": "Happy Hour", "action_flag": 1, "change_message": "[{\"added\": {}}]"}}, {"model": "admin.logentry", "pk": 103, "fields": {"action_time": "2022-04-13T22:55:12.005Z", "user": 1, "content_type": 8, "object_id": "10", "object_repr": "Happy Hour", "action_flag": 1, "change_message": "[{\"added\": {}}]"}}, {"model": "admin.logentry", "pk": 104, "fields": {"action_time": "2022-04-13T22:55:45.417Z", "user": 1, "content_type": 8, "object_id": "11", "object_repr": "Happy Hour", "action_flag": 1, "change_message": "[{\"added\": {}}]"}}, {"model": "admin.logentry", "pk": 105, "fields": {"action_time": "2022-04-13T22:56:44.556Z", "user": 1, "content_type": 8, "object_id": "12", "object_repr": "Happy Hour", "action_flag": 1, "change_message": "[{\"added\": {}}]"}}, {"model": "admin.logentry", "pk": 106, "fields": {"action_time": "2022-04-13T22:58:35.018Z", "user": 1, "content_type": 8, "object_id": "13", "object_repr": "Daily Deal", "action_flag": 1, "change_message": "[{\"added\": {}}]"}}, {"model": "admin.logentry", "pk": 107, "fields": {"action_time": "2022-04-13T22:59:04.558Z", "user": 1, "content_type": 8, "object_id": "14", "object_repr": "Happy Hour", "action_flag": 1, "change_message": "[{\"added\": {}}]"}}, {"model": "admin.logentry", "pk": 108, "fields": {"action_time": "2022-04-13T23:04:31.685Z", "user": 1, "content_type": 8, "object_id": "15", "object_repr": "Daily Deal", "action_flag": 1, "change_message": "[{\"added\": {}}]"}}, {"model": "admin.logentry", "pk": 109, "fields": {"action_time": "2022-04-13T23:05:26.450Z", "user": 1, "content_type": 8, "object_id": "16", "object_repr": "Line Dancing", "action_flag": 1, "change_message": "[{\"added\": {}}]"}}, {"model": "admin.logentry", "pk": 110, "fields": {"action_time": "2022-04-13T23:05:55.222Z", "user": 1, "content_type": 8, "object_id": "17", "object_repr": "Karaoke", "action_flag": 1, "change_message": "[{\"added\": {}}]"}}, {"model": "admin.logentry", "pk": 111, "fields": {"action_time": "2022-04-13T23:06:21.986Z", "user": 1, "content_type": 8, "object_id": "18", "object_repr": "Happy Hour", "action_flag": 1, "change_message": "[{\"added\": {}}]"}}, {"model": "admin.logentry", "pk": 112, "fields": {"action_time": "2022-04-13T23:07:44.795Z", "user": 1, "content_type": 8, "object_id": "19", "object_repr": "Daily Deal", "action_flag": 1, "change_message": "[{\"added\": {}}]"}}, {"model": "admin.logentry", "pk": 113, "fields": {"action_time": "2022-04-13T23:08:40.921Z", "user": 1, "content_type": 8, "object_id": "20", "object_repr": "Swing Dance", "action_flag": 1, "change_message": "[{\"added\": {}}]"}}, {"model": "admin.logentry", "pk": 114, "fields": {"action_time": "2022-04-13T23:09:05.201Z", "user": 1, "content_type": 8, "object_id": "21", "object_repr": "Happy Hour", "action_flag": 1, "change_message": "[{\"added\": {}}]"}}, {"model": "admin.logentry", "pk": 115, "fields": {"action_time": "2022-04-13T23:09:52.535Z", "user": 1, "content_type": 8, "object_id": "22", "object_repr": "Swing Dance", "action_flag": 1, "change_message": "[{\"added\": {}}]"}}, {"model": "admin.logentry", "pk": 116, "fields": {"action_time": "2022-04-13T23:10:05.807Z", "user": 1, "content_type": 8, "object_id": "20", "object_repr": "Swing Dance", "action_flag": 2, "change_message": "[{\"changed\": {\"fields\": [\"Start and End time\"]}}]"}}, {"model": "admin.logentry", "pk": 117, "fields": {"action_time": "2022-04-13T23:10:33.428Z", "user": 1, "content_type": 8, "object_id": "23", "object_repr": "Karaoke", "action_flag": 1, "change_message": "[{\"added\": {}}]"}}, {"model": "admin.logentry", "pk": 118, "fields": {"action_time": "2022-04-13T23:10:57.280Z", "user": 1, "content_type": 8, "object_id": "24", "object_repr": "Happy Hour", "action_flag": 1, "change_message": "[{\"added\": {}}]"}}, {"model": "admin.logentry", "pk": 119, "fields": {"action_time": "2022-04-13T23:12:16.479Z", "user": 1, "content_type": 8, "object_id": "25", "object_repr": "Live Music", "action_flag": 1, "change_message": "[{\"added\": {}}]"}}, {"model": "admin.logentry", "pk": 120, "fields": {"action_time": "2022-04-13T23:12:43.170Z", "user": 1, "content_type": 8, "object_id": "26", "object_repr": "Happy Hour", "action_flag": 1, "change_message": "[{\"added\": {}}]"}}, {"model": "admin.logentry", "pk": 121, "fields": {"action_time": "2022-04-13T23:13:21.943Z", "user": 1, "content_type": 8, "object_id": "27", "object_repr": "Live Music", "action_flag": 1, "change_message": "[{\"added\": {}}]"}}, {"model": "admin.logentry", "pk": 122, "fields": {"action_time": "2022-04-13T23:13:27.538Z", "user": 1, "content_type": 8, "object_id": "25", "object_repr": "Live Music", "action_flag": 2, "change_message": "[{\"changed\": {\"fields\": [\"Event Description\"]}}]"}}, {"model": "admin.logentry", "pk": 123, "fields": {"action_time": "2022-04-13T23:14:06.448Z", "user": 1, "content_type": 8, "object_id": "28", "object_repr": "Happy Hour", "action_flag": 1, "change_message": "[{\"added\": {}}]"}}, {"model": "admin.logentry", "pk": 124, "fields": {"action_time": "2022-04-14T22:42:51.597Z", "user": 1, "content_type": 8, "object_id": "29", "object_repr": "Happy Hour", "action_flag": 1, "change_message": "[{\"added\": {}}]"}}, {"model": "admin.logentry", "pk": 125, "fields": {"action_time": "2022-04-14T22:43:15.844Z", "user": 1, "content_type": 8, "object_id": "30", "object_repr": "Happy Hour", "action_flag": 1, "change_message": "[{\"added\": {}}]"}}, {"model": "admin.logentry", "pk": 126, "fields": {"action_time": "2022-04-14T22:43:32.450Z", "user": 1, "content_type": 8, "object_id": "31", "object_repr": "Happy Hour", "action_flag": 1, "change_message": "[{\"added\": {}}]"}}, {"model": "admin.logentry", "pk": 127, "fields": {"action_time": "2022-04-14T22:43:44.326Z", "user": 1, "content_type": 8, "object_id": "32", "object_repr": "Happy Hour", "action_flag": 1, "change_message": "[{\"added\": {}}]"}}, {"model": "admin.logentry", "pk": 128, "fields": {"action_time": "2022-04-14T22:43:55.268Z", "user": 1, "content_type": 8, "object_id": "31", "object_repr": "Happy Hour", "action_flag": 2, "change_message": "[]"}}, {"model": "admin.logentry", "pk": 129, "fields": {"action_time": "2022-04-14T22:44:06.142Z", "user": 1, "content_type": 8, "object_id": "33", "object_repr": "Happy Hour", "action_flag": 1, "change_message": "[{\"added\": {}}]"}}, {"model": "admin.logentry", "pk": 130, "fields": {"action_time": "2022-04-14T22:46:16.819Z", "user": 1, "content_type": 8, "object_id": "34", "object_repr": "Daily Deal", "action_flag": 1, "change_message": "[{\"added\": {}}]"}}, {"model": "admin.logentry", "pk": 131, "fields": {"action_time": "2022-04-14T22:47:02.645Z", "user": 1, "content_type": 8, "object_id": "35", "object_repr": "Daily Deal", "action_flag": 1, "change_message": "[{\"added\": {}}]"}}, {"model": "admin.logentry", "pk": 132, "fields": {"action_time": "2022-04-14T22:47:55.973Z", "user": 1, "content_type": 8, "object_id": "36", "object_repr": "Daily Deal", "action_flag": 1, "change_message": "[{\"added\": {}}]"}}, {"model": "admin.logentry", "pk": 133, "fields": {"action_time": "2022-04-14T22:48:49.949Z", "user": 1, "content_type": 8, "object_id": "37", "object_repr": "Daily Deal", "action_flag": 1, "change_message": "[{\"added\": {}}]"}}, {"model": "admin.logentry", "pk": 134, "fields": {"action_time": "2022-04-14T22:51:15.180Z", "user": 1, "content_type": 8, "object_id": "38", "object_repr": "Comedy Night", "action_flag": 1, "change_message": "[{\"added\": {}}]"}}, {"model": "admin.logentry", "pk": 135, "fields": {"action_time": "2022-04-14T22:52:38.371Z", "user": 1, "content_type": 8, "object_id": "39", "object_repr": "Happy Hour", "action_flag": 1, "change_message": "[{\"added\": {}}]"}}, {"model": "admin.logentry", "pk": 136, "fields": {"action_time": "2022-04-14T22:53:07.628Z", "user": 1, "content_type": 8, "object_id": "40", "object_repr": "Happy Hour", "action_flag": 1, "change_message": "[{\"added\": {}}]"}}, {"model": "admin.logentry", "pk": 137, "fields": {"action_time": "2022-04-14T22:53:34.167Z", "user": 1, "content_type": 8, "object_id": "41", "object_repr": "Happy Hour", "action_flag": 1, "change_message": "[{\"added\": {}}]"}}, {"model": "admin.logentry", "pk": 138, "fields": {"action_time": "2022-04-18T07:00:13.117Z", "user": 1, "content_type": 9, "object_id": "41", "object_repr": "Down Lo", "action_flag": 2, "change_message": "[{\"changed\": {\"fields\": [\"Picture\"]}}]"}}, {"model": "admin.logentry", "pk": 139, "fields": {"action_time": "2022-04-18T07:01:44.781Z", "user": 1, "content_type": 9, "object_id": "42", "object_repr": "Quacker's Fire Grill & Bar", "action_flag": 2, "change_message": "[{\"changed\": {\"fields\": [\"Picture\"]}}]"}}, {"model": "admin.logentry", "pk": 140, "fields": {"action_time": "2022-04-18T07:03:07.758Z", "user": 1, "content_type": 9, "object_id": "38", "object_repr": "Tres Hombres Long Bar & Grill", "action_flag": 2, "change_message": "[{\"changed\": {\"fields\": [\"Picture\"]}}]"}}, {"model": "admin.logentry", "pk": 141, "fields": {"action_time": "2022-04-18T07:03:58.154Z", "user": 1, "content_type": 9, "object_id": "39", "object_repr": "Parkside Taphouse", "action_flag": 2, "change_message": "[{\"changed\": {\"fields\": [\"Picture\"]}}]"}}, {"model": "admin.logentry", "pk": 142, "fields": {"action_time": "2022-04-18T07:19:32.618Z", "user": 1, "content_type": 9, "object_id": "40", "object_repr": "5th Street Steakhouse", "action_flag": 2, "change_message": "[{\"changed\": {\"fields\": [\"Picture\"]}}]"}}, {"model": "admin.logentry", "pk": 143, "fields": {"action_time": "2022-04-18T07:20:18.279Z", "user": 1, "content_type": 9, "object_id": "40", "object_repr": "5th Street Steakhouse", "action_flag": 2, "change_message": "[{\"changed\": {\"fields\": [\"Picture\"]}}]"}}, {"model": "admin.logentry", "pk": 144, "fields": {"action_time": "2022-04-18T07:20:49.468Z", "user": 1, "content_type": 9, "object_id": "1", "object_repr": "Test Location", "action_flag": 3, "change_message": ""}}, {"model": "admin.logentry", "pk": 145, "fields": {"action_time": "2022-04-18T07:21:38.041Z", "user": 1, "content_type": 9, "object_id": "27", "object_repr": "Franky's", "action_flag": 2, "change_message": "[{\"changed\": {\"fields\": [\"Picture\"]}}]"}}, {"model": "admin.logentry", "pk": 146, "fields": {"action_time": "2022-04-18T07:22:36.126Z", "user": 1, "content_type": 9, "object_id": "36", "object_repr": "The University Bar", "action_flag": 2, "change_message": "[{\"changed\": {\"fields\": [\"Picture\"]}}]"}}, {"model": "admin.logentry", "pk": 147, "fields": {"action_time": "2022-04-18T07:23:35.170Z", "user": 1, "content_type": 9, "object_id": "42", "object_repr": "Quacker's Fire Grill & Bar", "action_flag": 2, "change_message": "[{\"changed\": {\"fields\": [\"Picture\"]}}]"}}, {"model": "admin.logentry", "pk": 148, "fields": {"action_time": "2022-04-18T07:25:03.762Z", "user": 1, "content_type": 9, "object_id": "37", "object_repr": "Madison Bear Garden", "action_flag": 2, "change_message": "[{\"changed\": {\"fields\": [\"Picture\"]}}]"}}, {"model": "admin.logentry", "pk": 149, "fields": {"action_time": "2022-04-18T07:25:40.370Z", "user": 1, "content_type": 9, "object_id": "33", "object_repr": "The Banshee", "action_flag": 2, "change_message": "[{\"changed\": {\"fields\": [\"Picture\"]}}]"}}, {"model": "admin.logentry", "pk": 150, "fields": {"action_time": "2022-04-18T07:26:19.506Z", "user": 1, "content_type": 9, "object_id": "34", "object_repr": "Crush", "action_flag": 2, "change_message": "[{\"changed\": {\"fields\": [\"Picture\"]}}]"}}, {"model": "admin.logentry", "pk": 151, "fields": {"action_time": "2022-04-18T07:27:07.959Z", "user": 1, "content_type": 9, "object_id": "35", "object_repr": "Panama Bar Cafe", "action_flag": 2, "change_message": "[{\"changed\": {\"fields\": [\"Picture\"]}}]"}}, {"model": "admin.logentry", "pk": 152, "fields": {"action_time": "2022-04-18T07:29:09.869Z", "user": 1, "content_type": 9, "object_id": "32", "object_repr": "Bill's Towne Lounge", "action_flag": 2, "change_message": "[{\"changed\": {\"fields\": [\"Picture\"]}}]"}}, {"model": "admin.logentry", "pk": 153, "fields": {"action_time": "2022-04-18T07:30:47.086Z", "user": 1, "content_type": 9, "object_id": "30", "object_repr": "Argus", "action_flag": 2, "change_message": "[{\"changed\": {\"fields\": [\"Picture\"]}}]"}}, {"model": "admin.logentry", "pk": 154, "fields": {"action_time": "2022-04-18T07:31:24.413Z", "user": 1, "content_type": 9, "object_id": "31", "object_repr": "B Street Public House", "action_flag": 2, "change_message": "[{\"changed\": {\"fields\": [\"Picture\"]}}]"}}, {"model": "admin.logentry", "pk": 155, "fields": {"action_time": "2022-04-18T07:32:09.592Z", "user": 1, "content_type": 9, "object_id": "31", "object_repr": "B Street Public House", "action_flag": 2, "change_message": "[{\"changed\": {\"fields\": [\"Picture\"]}}]"}}, {"model": "admin.logentry", "pk": 156, "fields": {"action_time": "2022-04-18T07:33:26.431Z", "user": 1, "content_type": 9, "object_id": "33", "object_repr": "The Banshee", "action_flag": 2, "change_message": "[{\"changed\": {\"fields\": [\"Picture\"]}}]"}}, {"model": "admin.logentry", "pk": 157, "fields": {"action_time": "2022-04-18T07:35:41.368Z", "user": 1, "content_type": 9, "object_id": "28", "object_repr": "Taps Bar & Grill", "action_flag": 2, "change_message": "[{\"changed\": {\"fields\": [\"Picture\"]}}]"}}, {"model": "admin.logentry", "pk": 158, "fields": {"action_time": "2022-04-18T07:36:56.997Z", "user": 1, "content_type": 9, "object_id": "29", "object_repr": "Oasis Bar & Grill", "action_flag": 2, "change_message": "[{\"changed\": {\"fields\": [\"Picture\"]}}]"}}, {"model": "admin.logentry", "pk": 159, "fields": {"action_time": "2022-04-18T07:38:40.766Z", "user": 1, "content_type": 9, "object_id": "24", "object_repr": "The Rawbar Restaurant & Sushi", "action_flag": 2, "change_message": "[{\"changed\": {\"fields\": [\"Picture\"]}}]"}}, {"model": "admin.logentry", "pk": 160, "fields": {"action_time": "2022-04-18T07:39:43.662Z", "user": 1, "content_type": 9, "object_id": "25", "object_repr": "Riley's", "action_flag": 2, "change_message": "[{\"changed\": {\"fields\": [\"Picture\"]}}]"}}, {"model": "admin.logentry", "pk": 161, "fields": {"action_time": "2022-04-18T07:40:55.517Z", "user": 1, "content_type": 9, "object_id": "26", "object_repr": "Joe's Bar", "action_flag": 2, "change_message": "[{\"changed\": {\"fields\": [\"Picture\"]}}]"}}, {"model": "admin.logentry", "pk": 162, "fields": {"action_time": "2022-04-18T07:42:04.102Z", "user": 1, "content_type": 9, "object_id": "21", "object_repr": "Duffy's Tavern", "action_flag": 2, "change_message": "[{\"changed\": {\"fields\": [\"Picture\"]}}]"}}, {"model": "admin.logentry", "pk": 163, "fields": {"action_time": "2022-04-18T07:44:34.782Z", "user": 1, "content_type": 9, "object_id": "23", "object_repr": "Bella's Sports Pub", "action_flag": 2, "change_message": "[{\"changed\": {\"fields\": [\"Picture\"]}}]"}}, {"model": "admin.logentry", "pk": 164, "fields": {"action_time": "2022-04-18T07:45:16.290Z", "user": 1, "content_type": 9, "object_id": "22", "object_repr": "La Salles", "action_flag": 2, "change_message": "[{\"changed\": {\"fields\": [\"Picture\"]}}]"}}, {"model": "admin.logentry", "pk": 165, "fields": {"action_time": "2022-04-18T07:46:28.291Z", "user": 1, "content_type": 9, "object_id": "20", "object_repr": "Woodstock's Pizza", "action_flag": 2, "change_message": "[{\"changed\": {\"fields\": [\"Picture\"]}}]"}}, {"model": "admin.logentry", "pk": 166, "fields": {"action_time": "2022-04-18T07:47:38.442Z", "user": 1, "content_type": 9, "object_id": "19", "object_repr": "Burgers & Brew", "action_flag": 2, "change_message": "[{\"changed\": {\"fields\": [\"Picture\"]}}]"}}, {"model": "admin.logentry", "pk": 167, "fields": {"action_time": "2022-04-18T07:48:37.524Z", "user": 1, "content_type": 9, "object_id": "18", "object_repr": "Unwined Kitchen & Bar", "action_flag": 2, "change_message": "[{\"changed\": {\"fields\": [\"Picture\"]}}]"}}, {"model": "admin.logentry", "pk": 168, "fields": {"action_time": "2022-04-18T07:50:29.203Z", "user": 1, "content_type": 9, "object_id": "18", "object_repr": "Unwined Kitchen & Bar", "action_flag": 2, "change_message": "[]"}}, {"model": "admin.logentry", "pk": 169, "fields": {"action_time": "2022-04-18T07:51:52.306Z", "user": 1, "content_type": 9, "object_id": "17", "object_repr": "Nash's Restaurant", "action_flag": 2, "change_message": "[{\"changed\": {\"fields\": [\"Picture\"]}}]"}}, {"model": "admin.logentry", "pk": 170, "fields": {"action_time": "2022-04-18T07:53:23.173Z", "user": 1, "content_type": 9, "object_id": "16", "object_repr": "The Pour House", "action_flag": 2, "change_message": "[{\"changed\": {\"fields\": [\"Picture\"]}}]"}}, {"model": "admin.logentry", "pk": 171, "fields": {"action_time": "2022-04-18T07:54:12.476Z", "user": 1, "content_type": 9, "object_id": "15", "object_repr": "The Chico Taproom", "action_flag": 2, "change_message": "[{\"changed\": {\"fields\": [\"Picture\"]}}]"}}, {"model": "admin.logentry", "pk": 172, "fields": {"action_time": "2022-04-18T07:55:20.269Z", "user": 1, "content_type": 9, "object_id": "14", "object_repr": "Buffalo Wild Wings", "action_flag": 2, "change_message": "[{\"changed\": {\"fields\": [\"Picture\"]}}]"}}, {"model": "admin.logentry", "pk": 173, "fields": {"action_time": "2022-04-18T07:56:03.269Z", "user": 1, "content_type": 9, "object_id": "13", "object_repr": "Farm Star Pizza", "action_flag": 2, "change_message": "[{\"changed\": {\"fields\": [\"Picture\"]}}]"}}, {"model": "admin.logentry", "pk": 174, "fields": {"action_time": "2022-04-18T07:57:17.502Z", "user": 1, "content_type": 9, "object_id": "12", "object_repr": "La Hacienda", "action_flag": 2, "change_message": "[{\"changed\": {\"fields\": [\"Picture\"]}}]"}}, {"model": "admin.logentry", "pk": 175, "fields": {"action_time": "2022-04-18T07:58:20.428Z", "user": 1, "content_type": 9, "object_id": "11", "object_repr": "Studio Inn", "action_flag": 2, "change_message": "[{\"changed\": {\"fields\": [\"Picture\"]}}]"}}, {"model": "admin.logentry", "pk": 176, "fields": {"action_time": "2022-04-18T07:59:31.167Z", "user": 1, "content_type": 9, "object_id": "10", "object_repr": "The Lost Dutchman Taproom", "action_flag": 2, "change_message": "[{\"changed\": {\"fields\": [\"Picture\"]}}]"}}, {"model": "admin.logentry", "pk": 177, "fields": {"action_time": "2022-04-18T08:00:09.205Z", "user": 1, "content_type": 9, "object_id": "9", "object_repr": "Wine Time", "action_flag": 2, "change_message": "[{\"changed\": {\"fields\": [\"Picture\"]}}]"}}, {"model": "admin.logentry", "pk": 178, "fields": {"action_time": "2022-04-18T08:01:10.379Z", "user": 1, "content_type": 9, "object_id": "8", "object_repr": "Bowlero Chico", "action_flag": 2, "change_message": "[{\"changed\": {\"fields\": [\"Picture\"]}}]"}}, {"model": "admin.logentry", "pk": 179, "fields": {"action_time": "2022-04-18T08:01:57.609Z", "user": 1, "content_type": 9, "object_id": "7", "object_repr": "Sol Mexican Grill", "action_flag": 2, "change_message": "[{\"changed\": {\"fields\": [\"Picture\"]}}]"}}, {"model": "admin.logentry", "pk": 180, "fields": {"action_time": "2022-04-18T08:02:39.766Z", "user": 1, "content_type": 9, "object_id": "6", "object_repr": "The Handlebar", "action_flag": 2, "change_message": "[{\"changed\": {\"fields\": [\"Picture\"]}}]"}}, {"model": "admin.logentry", "pk": 181, "fields": {"action_time": "2022-04-18T08:04:10.405Z", "user": 1, "content_type": 9, "object_id": "5", "object_repr": "Mulberry Station Brewing Company", "action_flag": 2, "change_message": "[{\"changed\": {\"fields\": [\"Picture\"]}}]"}}, {"model": "admin.logentry", "pk": 182, "fields": {"action_time": "2022-04-18T08:05:50.841Z", "user": 1, "content_type": 9, "object_id": "4", "object_repr": "Secret Trail Brewing Company", "action_flag": 2, "change_message": "[{\"changed\": {\"fields\": [\"Picture\"]}}]"}}, {"model": "admin.logentry", "pk": 183, "fields": {"action_time": "2022-04-18T08:06:29.264Z", "user": 1, "content_type": 9, "object_id": "3", "object_repr": "The Commons Social Empourium", "action_flag": 2, "change_message": "[{\"changed\": {\"fields\": [\"Picture\"]}}]"}}, {"model": "admin.logentry", "pk": 184, "fields": {"action_time": "2022-04-25T17:19:24.365Z", "user": 1, "content_type": 8, "object_id": "29", "object_repr": "Happy Hour", "action_flag": 2, "change_message": "[{\"changed\": {\"fields\": [\"Active\"]}}]"}}, {"model": "admin.logentry", "pk": 185, "fields": {"action_time": "2022-04-25T17:19:37.674Z", "user": 1, "content_type": 8, "object_id": "30", "object_repr": "Happy Hour", "action_flag": 2, "change_message": "[{\"changed\": {\"fields\": [\"Active\"]}}]"}}, {"model": "admin.logentry", "pk": 186, "fields": {"action_time": "2022-04-27T11:41:19.876Z", "user": 1, "content_type": 8, "object_id": "32", "object_repr": "Happy Hour", "action_flag": 2, "change_message": "[{\"changed\": {\"fields\": [\"Active\"]}}]"}}, {"model": "admin.logentry", "pk": 187, "fields": {"action_time": "2022-04-27T12:40:43.663Z", "user": 1, "content_type": 8, "object_id": "42", "object_repr": "Mimosas", "action_flag": 1, "change_message": "[{\"added\": {}}]"}}, {"model": "admin.logentry", "pk": 188, "fields": {"action_time": "2022-05-02T22:03:37.748Z", "user": 1, "content_type": 8, "object_id": "43", "object_repr": "Another test event", "action_flag": 1, "change_message": "[{\"added\": {}}]"}}, {"model": "admin.logentry", "pk": 189, "fields": {"action_time": "2022-05-02T22:21:21.960Z", "user": 1, "content_type": 8, "object_id": "44", "object_repr": "Saturday Night Specials", "action_flag": 1, "change_message": "[{\"added\": {}}]"}}, {"model": "admin.logentry", "pk": 190, "fields": {"action_time": "2022-05-02T22:23:12.339Z", "user": 1, "content_type": 8, "object_id": "45", "object_repr": "Bear Beer Break", "action_flag": 1, "change_message": "[{\"added\": {}}]"}}, {"model": "admin.logentry", "pk": 191, "fields": {"action_time": "2022-05-02T22:23:49.354Z", "user": 1, "content_type": 8, "object_id": "46", "object_repr": "Bear Beer Break", "action_flag": 1, "change_message": "[{\"added\": {}}]"}}, {"model": "admin.logentry", "pk": 192, "fields": {"action_time": "2022-05-02T22:25:06.787Z", "user": 1, "content_type": 8, "object_id": "47", "object_repr": "Rocket Fuels", "action_flag": 1, "change_message": "[{\"added\": {}}]"}}, {"model": "admin.logentry", "pk": 193, "fields": {"action_time": "2022-05-02T22:27:02.795Z", "user": 1, "content_type": 8, "object_id": "48", "object_repr": "Drink Special", "action_flag": 1, "change_message": "[{\"added\": {}}]"}}, {"model": "admin.logentry", "pk": 194, "fields": {"action_time": "2022-05-02T22:31:50.894Z", "user": 1, "content_type": 8, "object_id": "49", "object_repr": "Karaoke Monday", "action_flag": 1, "change_message": "[{\"added\": {}}]"}}, {"model": "admin.logentry", "pk": 195, "fields": {"action_time": "2022-05-02T22:32:57.029Z", "user": 1, "content_type": 8, "object_id": "50", "object_repr": "Bingo Tuesday", "action_flag": 1, "change_message": "[{\"added\": {}}]"}}, {"model": "admin.logentry", "pk": 196, "fields": {"action_time": "2022-05-02T22:33:41.124Z", "user": 1, "content_type": 8, "object_id": "49", "object_repr": "Karaoke Monday", "action_flag": 2, "change_message": "[{\"changed\": {\"fields\": [\"Event Description\", \"Start and End time\"]}}]"}}, {"model": "admin.logentry", "pk": 197, "fields": {"action_time": "2022-05-02T22:34:31.302Z", "user": 1, "content_type": 8, "object_id": "51", "object_repr": "Mug Club", "action_flag": 1, "change_message": "[{\"added\": {}}]"}}, {"model": "admin.logentry", "pk": 198, "fields": {"action_time": "2022-05-02T22:35:17.823Z", "user": 1, "content_type": 8, "object_id": "52", "object_repr": "Mug Club", "action_flag": 1, "change_message": "[{\"added\": {}}]"}}, {"model": "admin.logentry", "pk": 199, "fields": {"action_time": "2022-05-02T22:35:47.580Z", "user": 1, "content_type": 8, "object_id": "53", "object_repr": "Mug Club", "action_flag": 1, "change_message": "[{\"added\": {}}]"}}, {"model": "admin.logentry", "pk": 200, "fields": {"action_time": "2022-05-02T22:36:58.048Z", "user": 1, "content_type": 8, "object_id": "54", "object_repr": "Trike Races", "action_flag": 1, "change_message": "[{\"added\": {}}]"}}, {"model": "admin.logentry", "pk": 201, "fields": {"action_time": "2022-05-02T22:38:32.798Z", "user": 1, "content_type": 8, "object_id": "55", "object_repr": "Drink Special", "action_flag": 1, "change_message": "[{\"added\": {}}]"}}, {"model": "admin.logentry", "pk": 202, "fields": {"action_time": "2022-05-02T22:38:51.478Z", "user": 1, "content_type": 8, "object_id": "47", "object_repr": "Rocket Fuels", "action_flag": 2, "change_message": "[{\"changed\": {\"fields\": [\"Active\", \"Event Description\"]}}]"}}, {"model": "auth.permission", "pk": 1, "fields": {"name": "Can add log entry", "content_type": 1, "codename": "add_logentry"}}, {"model": "auth.permission", "pk": 2, "fields": {"name": "Can change log entry", "content_type": 1, "codename": "change_logentry"}}, {"model": "auth.permission", "pk": 3, "fields": {"name": "Can delete log entry", "content_type": 1, "codename": "delete_logentry"}}, {"model": "auth.permission", "pk": 4, "fields": {"name": "Can view log entry", "content_type": 1, "codename": "view_logentry"}}, {"model": "auth.permission", "pk": 5, "fields": {"name": "Can add permission", "content_type": 2, "codename": "add_permission"}}, {"model": "auth.permission", "pk": 6, "fields": {"name": "Can change permission", "content_type": 2, "codename": "change_permission"}}, {"model": "auth.permission", "pk": 7, "fields": {"name": "Can delete permission", "content_type": 2, "codename": "delete_permission"}}, {"model": "auth.permission", "pk": 8, "fields": {"name": "Can view permission", "content_type": 2, "codename": "view_permission"}}, {"model": "auth.permission", "pk": 9, "fields": {"name": "Can add group", "content_type": 3, "codename": "add_group"}}, {"model": "auth.permission", "pk": 10, "fields": {"name": "Can change group", "content_type": 3, "codename": "change_group"}}, {"model": "auth.permission", "pk": 11, "fields": {"name": "Can delete group", "content_type": 3, "codename": "delete_group"}}, {"model": "auth.permission", "pk": 12, "fields": {"name": "Can view group", "content_type": 3, "codename": "view_group"}}, {"model": "auth.permission", "pk": 13, "fields": {"name": "Can add user", "content_type": 4, "codename": "add_user"}}, {"model": "auth.permission", "pk": 14, "fields": {"name": "Can change user", "content_type": 4, "codename": "change_user"}}, {"model": "auth.permission", "pk": 15, "fields": {"name": "Can delete user", "content_type": 4, "codename": "delete_user"}}, {"model": "auth.permission", "pk": 16, "fields": {"name": "Can view user", "content_type": 4, "codename": "view_user"}}, {"model": "auth.permission", "pk": 17, "fields": {"name": "Can add content type", "content_type": 5, "codename": "add_contenttype"}}, {"model": "auth.permission", "pk": 18, "fields": {"name": "Can change content type", "content_type": 5, "codename": "change_contenttype"}}, {"model": "auth.permission", "pk": 19, "fields": {"name": "Can delete content type", "content_type": 5, "codename": "delete_contenttype"}}, {"model": "auth.permission", "pk": 20, "fields": {"name": "Can view content type", "content_type": 5, "codename": "view_contenttype"}}, {"model": "auth.permission", "pk": 21, "fields": {"name": "Can add session", "content_type": 6, "codename": "add_session"}}, {"model": "auth.permission", "pk": 22, "fields": {"name": "Can change session", "content_type": 6, "codename": "change_session"}}, {"model": "auth.permission", "pk": 23, "fields": {"name": "Can delete session", "content_type": 6, "codename": "delete_session"}}, {"model": "auth.permission", "pk": 24, "fields": {"name": "Can view session", "content_type": 6, "codename": "view_session"}}, {"model": "auth.permission", "pk": 25, "fields": {"name": "Can add phone signup", "content_type": 7, "codename": "add_phonesignup"}}, {"model": "auth.permission", "pk": 26, "fields": {"name": "Can change phone signup", "content_type": 7, "codename": "change_phonesignup"}}, {"model": "auth.permission", "pk": 27, "fields": {"name": "Can delete phone signup", "content_type": 7, "codename": "delete_phonesignup"}}, {"model": "auth.permission", "pk": 28, "fields": {"name": "Can view phone signup", "content_type": 7, "codename": "view_phonesignup"}}, {"model": "auth.permission", "pk": 29, "fields": {"name": "Can add event", "content_type": 8, "codename": "add_event"}}, {"model": "auth.permission", "pk": 30, "fields": {"name": "Can change event", "content_type": 8, "codename": "change_event"}}, {"model": "auth.permission", "pk": 31, "fields": {"name": "Can delete event", "content_type": 8, "codename": "delete_event"}}, {"model": "auth.permission", "pk": 32, "fields": {"name": "Can view event", "content_type": 8, "codename": "view_event"}}, {"model": "auth.permission", "pk": 33, "fields": {"name": "Can add location", "content_type": 9, "codename": "add_location"}}, {"model": "auth.permission", "pk": 34, "fields": {"name": "Can change location", "content_type": 9, "codename": "change_location"}}, {"model": "auth.permission", "pk": 35, "fields": {"name": "Can delete location", "content_type": 9, "codename": "delete_location"}}, {"model": "auth.permission", "pk": 36, "fields": {"name": "Can view location", "content_type": 9, "codename": "view_location"}}, {"model": "auth.permission", "pk": 37, "fields": {"name": "Can add location", "content_type": 10, "codename": "add_location"}}, {"model": "auth.permission", "pk": 38, "fields": {"name": "Can change location", "content_type": 10, "codename": "change_location"}}, {"model": "auth.permission", "pk": 39, "fields": {"name": "Can delete location", "content_type": 10, "codename": "delete_location"}}, {"model": "auth.permission", "pk": 40, "fields": {"name": "Can view location", "content_type": 10, "codename": "view_location"}}, {"model": "auth.permission", "pk": 41, "fields": {"name": "Can add event", "content_type": 11, "codename": "add_event"}}, {"model": "auth.permission", "pk": 42, "fields": {"name": "Can change event", "content_type": 11, "codename": "change_event"}}, {"model": "auth.permission", "pk": 43, "fields": {"name": "Can delete event", "content_type": 11, "codename": "delete_event"}}, {"model": "auth.permission", "pk": 44, "fields": {"name": "Can view event", "content_type": 11, "codename": "view_event"}}, {"model": "auth.permission", "pk": 45, "fields": {"name": "Can add fav", "content_type": 12, "codename": "add_fav"}}, {"model": "auth.permission", "pk": 46, "fields": {"name": "Can change fav", "content_type": 12, "codename": "change_fav"}}, {"model": "auth.permission", "pk": 47, "fields": {"name": "Can delete fav", "content_type": 12, "codename": "delete_fav"}}, {"model": "auth.permission", "pk": 48, "fields": {"name": "Can view fav", "content_type": 12, "codename": "view_fav"}}, {"model": "auth.user", "pk": 1, "fields": {"password": "pbkdf2_sha256$320000$n1rDeJnKP40IfYkSm8ZWIZ$86fypZl3pazMIBbKAKQbRtcLn8t6EWExwVD8BqY3/50=", "last_login": "2022-05-11T14:50:57.579Z", "is_superuser": true, "username": "admin", "first_name": "", "last_name": "", "email": "admin@gmail.com", "is_staff": true, "is_active": true, "date_joined": "2022-02-23T19:18:35.711Z", "groups": [], "user_permissions": []}}, {"model": "auth.user", "pk": 2, "fields": {"password": "pbkdf2_sha256$320000$Q16iwqvTKFHK6fEEudciSL$O81+nPchjJ4GJbKbHWhme4m0XvVYdl9csYclUcUGAJ0=", "last_login": "2022-04-04T19:01:03.864Z", "is_superuser": true, "username": "dr", "first_name": "", "last_name": "", "email": "draval@mail.csuchico.edu", "is_staff": true, "is_active": true, "date_joined": "2022-04-04T08:52:50.863Z", "groups": [], "user_permissions": []}}, {"model": "auth.user", "pk": 16, "fields": {"password": "pbkdf2_sha256$320000$ErWq1lG5KfvI4jpbe1xzKn$eRkz5yPlYrODG8G+4C3liA6aBy6UCJCxeBlEw3ApPK8=", "last_login": "2022-05-07T11:33:47.947Z", "is_superuser": false, "username": "preston", "first_name": "preston", "last_name": "preston", "email": "preston@gmail.com", "is_staff": false, "is_active": true, "date_joined": "2022-04-12T10:04:01.882Z", "groups": [], "user_permissions": []}}, {"model": "auth.user", "pk": 17, "fields": {"password": "pbkdf2_sha256$320000$P8BfDKwJ2YoASDAaICHcvf$G+Z2vSJ4SbLVaL6iLYKFNAivcGegToFVoWpPZooOH08=", "last_login": null, "is_superuser": false, "username": "reembot", "first_name": "Reema", "last_name": "Shadid", "email": "rashadid@mail.csuchico.edu", "is_staff": false, "is_active": true, "date_joined": "2022-04-13T17:58:49.185Z", "groups": [], "user_permissions": []}}, {"model": "auth.user", "pk": 18, "fields": {"password": "pbkdf2_sha256$320000$pAfMdJ9SkRMZj9tcNq0ha3$T2UMUBqa8n2hqQHL3nppbiBf9YK+G8gIRf0O6zcmRyw=", "last_login": null, "is_superuser": false, "username": "reembot01", "first_name": "", "last_name": "", "email": "", "is_staff": false, "is_active": true, "date_joined": "2022-04-13T18:00:27.762Z", "groups": [], "user_permissions": []}}, {"model": "auth.user", "pk": 19, "fields": {"password": "pbkdf2_sha256$320000$r5rloeENvaanGSDZpLltkR$AmHjz+3ON/7H+FCWnWHHIpXsyKWqzVKM/S9y/vLOpLs=", "last_login": null, "is_superuser": false, "username": "fvara", "first_name": "frankie", "last_name": "vara", "email": "fvarajr@gmail.com", "is_staff": false, "is_active": true, "date_joined": "2022-05-05T19:11:52.833Z", "groups": [], "user_permissions": []}}, {"model": "contenttypes.contenttype", "pk": 1, "fields": {"app_label": "admin", "model": "logentry"}}, {"model": "contenttypes.contenttype", "pk": 2, "fields": {"app_label": "auth", "model": "permission"}}, {"model": "contenttypes.contenttype", "pk": 3, "fields": {"app_label": "auth", "model": "group"}}, {"model": "contenttypes.contenttype", "pk": 4, "fields": {"app_label": "auth", "model": "user"}}, {"model": "contenttypes.contenttype", "pk": 5, "fields": {"app_label": "contenttypes", "model": "contenttype"}}, {"model": "contenttypes.contenttype", "pk": 6, "fields": {"app_label": "sessions", "model": "session"}}, {"model": "contenttypes.contenttype", "pk": 7, "fields": {"app_label": "communication", "model": "phonesignup"}}, {"model": "contenttypes.contenttype", "pk": 8, "fields": {"app_label": "Events", "model": "event"}}, {"model": "contenttypes.contenttype", "pk": 9, "fields": {"app_label": "Events", "model": "location"}}, {"model": "contenttypes.contenttype", "pk": 10, "fields": {"app_label": "communication", "model": "location"}}, {"model": "contenttypes.contenttype", "pk": 11, "fields": {"app_label": "communication", "model": "event"}}, {"model": "contenttypes.contenttype", "pk": 12, "fields": {"app_label": "Events", "model": "fav"}}, {"model": "sessions.session", "pk": "04yw1qegnslje5mi34i0jvjlmd1emulc", "fields": {"session_data": ".eJxVjMsOwiAQAP-FsyGw8vTo3W8gyy6VqqFJaU_GfzckPeh1ZjJvkXDfatp7WdPM4iK0OP2yjPQsbQh-YLsvkpa2rXOWI5GH7fK2cHldj_ZvULHXsXWTAuPBRAquFFLsOBsOxjhCYwMSnMFaHRUQR-YAIWLwFr3zftJOfL7OIjcp:1nZh4f:OSXv6Sg04ySK-FcAe7TEnP04ykbm1GdiYpfqN0jDO38", "expire_date": "2022-04-13T22:45:57.981Z"}}, {"model": "sessions.session", "pk": "14dxfyeqc35b9n2ivblly58fzfi8925y", "fields": {"session_data": ".eJxVjMsOwiAQAP-FsyGw8vTo3W8gyy6VqqFJaU_GfzckPeh1ZjJvkXDfatp7WdPM4iK0OP2yjPQsbQh-YLsvkpa2rXOWI5GH7fK2cHldj_ZvULHXsXWTAuPBRAquFFLsOBsOxjhCYwMSnMFaHRUQR-YAIWLwFr3zftJOfL7OIjcp:1nong1:zBhmQyjssaRrkm8fkjEAlygt4Uy5cWCzFR6Ka-ILn3M", "expire_date": "2022-05-25T14:50:57.664Z"}}, {"model": "sessions.session", "pk": "38wk4d3caerb6vut040pl2mu0ts5ldzh", "fields": {"session_data": ".eJxVjMsOwiAQAP-FsyGw8vTo3W8gyy6VqqFJaU_GfzckPeh1ZjJvkXDfatp7WdPM4iK0OP2yjPQsbQh-YLsvkpa2rXOWI5GH7fK2cHldj_ZvULHXsXWTAuPBRAquFFLsOBsOxjhCYwMSnMFaHRUQR-YAIWLwFr3zftJOfL7OIjcp:1ncCQS:MX6-mmQfwWtZuWUBZ1r7awraFHtb21uB8V_pKX6yxJY", "expire_date": "2022-04-20T20:38:48.120Z"}}, {"model": "sessions.session", "pk": "5guyqx31s995w1de92cjtgdc0ohexhss", "fields": {"session_data": "e30:1nbMSi:FxDkJS4cP4-dt931JhxRMBZBiCulOLRRPnTcD5OaH7c", "expire_date": "2022-04-18T13:09:40.331Z"}}, {"model": "sessions.session", "pk": "6wcg47c9uqpwtfbjf25jds6lmbzphfms", "fields": {"session_data": ".eJxVjMsOwiAQAP-FsyGw8vTo3W8gyy6VqqFJaU_GfzckPeh1ZjJvkXDfatp7WdPM4iK0OP2yjPQsbQh-YLsvkpa2rXOWI5GH7fK2cHldj_ZvULHXsXWTAuPBRAquFFLsOBsOxjhCYwMSnMFaHRUQR-YAIWLwFr3zftJOfL7OIjcp:1nmhzk:CXuvdm2nzhgexfKp2FBDZWLIANK3sbYmFRkb7RDG6fw", "expire_date": "2022-05-19T20:22:40.064Z"}}, {"model": "sessions.session", "pk": "71m5gyrx58kvn3exoafek9usuzk5vjst", "fields": {"session_data": ".eJxVjMsOwiAQAP-FsyGw8vTo3W8gyy6VqqFJaU_GfzckPeh1ZjJvkXDfatp7WdPM4iK0OP2yjPQsbQh-YLsvkpa2rXOWI5GH7fK2cHldj_ZvULHXsXWTAuPBRAquFFLsOBsOxjhCYwMSnMFaHRUQR-YAIWLwFr3zftJOfL7OIjcp:1nelq4:xnYMSBCCbCTbCYe45XMqJ83SAM9IL8U4ZG7ck_ioQss", "expire_date": "2022-04-27T22:51:52.569Z"}}, {"model": "sessions.session", "pk": "7ezh8enyyz4w7uahw1aim4nw28kjjx1n", "fields": {"session_data": ".eJxVjMsOwiAQAP-FsyGw8vTo3W8gyy6VqqFJaU_GfzckPeh1ZjJvkXDfatp7WdPM4iK0OP2yjPQsbQh-YLsvkpa2rXOWI5GH7fK2cHldj_ZvULHXsXWTAuPBRAquFFLsOBsOxjhCYwMSnMFaHRUQR-YAIWLwFr3zftJOfL7OIjcp:1nMxI0:H36x-O8xUqsItEU8t6FimyXx2yFxgStm3BtpyJvFveM", "expire_date": "2022-03-09T19:27:04.170Z"}}, {"model": "sessions.session", "pk": "9c8g6myo11sa3rvgr40lsegvaeskg9tz", "fields": {"session_data": ".eJxVjMsOwiAQAP-FsyGw8vTo3W8gyy6VqqFJaU_GfzckPeh1ZjJvkXDfatp7WdPM4iK0OP2yjPQsbQh-YLsvkpa2rXOWI5GH7fK2cHldj_ZvULHXsXWTAuPBRAquFFLsOBsOxjhCYwMSnMFaHRUQR-YAIWLwFr3zftJOfL7OIjcp:1nZe5a:arIerJsO41sLWejCwDx2JjFdp2bchMtso4Yoo-SFlNs", "expire_date": "2022-04-13T19:34:42.951Z"}}, {"model": "sessions.session", "pk": "avm4ocz1v45ibnfpz7qg37igsuekzcnw", "fields": {"session_data": ".eJxVjMsOwiAQRf-FtSEOBQZcuu83kBkeUjU0Ke3K-O_apAvd3nPOfYlA21rD1vMSpiQuAqw4_Y5M8ZHbTtKd2m2WcW7rMrHcFXnQLsc55ef1cP8OKvX6ra1nAOaIDgl8YtJ5GIrxiikXrwE5pQIGnYrRoitnA2iVRkU2amO8eH8AGPY36A:1nnIh1:RCf02dJFnZEUsMwQ1aGXweHDVQ4QcCjs1XsApT_dDS8", "expire_date": "2022-05-21T11:33:47.959Z"}}, {"model": "sessions.session", "pk": "cewtt297askhghkx4covo62ijdndncw7", "fields": {"session_data": ".eJxVjDkOwjAUBe_iGll2SOx8SvqcIfqbcQDZUpYKcXeIlALaNzPvZUbc1jxui87jJOZiOnP63Qj5oWUHcsdyq5ZrWeeJ7K7Ygy52qKLP6-H-HWRc8rcm6pUbj0KRQ0yq4CESQGg59o0_B00JnTgHkihGxY6ImVLrAKRtvHl_ABPzOQM:1nbMD8:XwoypN_8_YB5QzyIAWuMmY7xdM31PO599LFidPewSDE", "expire_date": "2022-04-18T12:53:34.134Z"}}, {"model": "sessions.session", "pk": "d80ifdbd1nsmbgehd97tg8wg4jl657vk", "fields": {"session_data": ".eJxVjEEOgjAQRe_StWlmSqnUpXvOQKYzU4saSCisjHdXEha6_e-9_zIDbWsZtqrLMIq5GGdOv1sifui0A7nTdJstz9O6jMnuij1otf0s-rwe7t9BoVq-NUTPmiM5RWk6bODsUgYHGSWTpuAoBEYAjLHzPikwq2Nso2iL4pN5fwDl1jgV:1nbRwl:zupmP7qYusg2kzk102zFdioMH3-CF2VNWRMy2C6ciy0", "expire_date": "2022-04-18T19:01:03.938Z"}}, {"model": "sessions.session", "pk": "djltetzh3w4uirk9putohzi3pqekaon5", "fields": {"session_data": ".eJxVjMsOwiAQAP-FsyGw8vTo3W8gyy6VqqFJaU_GfzckPeh1ZjJvkXDfatp7WdPM4iK0OP2yjPQsbQh-YLsvkpa2rXOWI5GH7fK2cHldj_ZvULHXsXWTAuPBRAquFFLsOBsOxjhCYwMSnMFaHRUQR-YAIWLwFr3zftJOfL7OIjcp:1no8g2:yp7bN6qwwUmfDevqlH4pALpkjwZ2TVqRVm7g2s-Cx-s", "expire_date": "2022-05-23T19:04:14.443Z"}}, {"model": "sessions.session", "pk": "f21pnhq4omp0mqnfv7d5sprwgwj6kdij", "fields": {"session_data": ".eJxVjMsOwiAQAP-FsyGw8vTo3W8gyy6VqqFJaU_GfzckPeh1ZjJvkXDfatp7WdPM4iK0OP2yjPQsbQh-YLsvkpa2rXOWI5GH7fK2cHldj_ZvULHXsXWTAuPBRAquFFLsOBsOxjhCYwMSnMFaHRUQR-YAIWLwFr3zftJOfL7OIjcp:1nj5CK:3zRWpY9nCp7G8BmNtBNuABOALChaVLjTdBkT3AB3Mvw", "expire_date": "2022-05-09T20:20:40.370Z"}}, {"model": "sessions.session", "pk": "fwu8pueae80uum5fh51mil77iat62706", "fields": {"session_data": ".eJxVjMsOwiAQAP-FsyGw8vTo3W8gyy6VqqFJaU_GfzckPeh1ZjJvkXDfatp7WdPM4iK0OP2yjPQsbQh-YLsvkpa2rXOWI5GH7fK2cHldj_ZvULHXsXWTAuPBRAquFFLsOBsOxjhCYwMSnMFaHRUQR-YAIWLwFr3zftJOfL7OIjcp:1nbRuR:UIKzrZE1FzZ3-hLtmwOz3mjJdQx79rM9Z9uehSFEZ-s", "expire_date": "2022-04-18T18:58:39.214Z"}}, {"model": "sessions.session", "pk": "h52lzvy0azu3yl27l9scx1difxl9ffin", "fields": {"session_data": ".eJxVjMsOwiAQAP-FsyGw8vTo3W8gyy6VqqFJaU_GfzckPeh1ZjJvkXDfatp7WdPM4iK0OP2yjPQsbQh-YLsvkpa2rXOWI5GH7fK2cHldj_ZvULHXsXWTAuPBRAquFFLsOBsOxjhCYwMSnMFaHRUQR-YAIWLwFr3zftJOfL7OIjcp:1ngWfy:gIBQ0SW6hKkaJKorlubxifl_KxEfYOAsfWBP3apIHk4", "expire_date": "2022-05-02T19:04:42.697Z"}}, {"model": "sessions.session", "pk": "htnjuxopwj9h561gwcjgcuww5wjxyacq", "fields": {"session_data": ".eJxVjMsOwiAQAP-FsyGw8vTo3W8gyy6VqqFJaU_GfzckPeh1ZjJvkXDfatp7WdPM4iK0OP2yjPQsbQh-YLsvkpa2rXOWI5GH7fK2cHldj_ZvULHXsXWTAuPBRAquFFLsOBsOxjhCYwMSnMFaHRUQR-YAIWLwFr3zftJOfL7OIjcp:1nZhTJ:CSsPw1LsJxS248mzKY0Yp3rZtoT28N-yY411W-8UWBg", "expire_date": "2022-04-13T23:11:25.098Z"}}, {"model": "sessions.session", "pk": "hxghw070v4j91s4axoenqdzfu3fayeiw", "fields": {"session_data": ".eJxVjEEOgjAQRe_StWlmSqnUpXvOQKYzU4saSCisjHdXEha6_e-9_zIDbWsZtqrLMIq5GGdOv1sifui0A7nTdJstz9O6jMnuij1otf0s-rwe7t9BoVq-NUTPmiM5RWk6bODsUgYHGSWTpuAoBEYAjLHzPikwq2Nso2iL4pN5fwDl1jgV:1nbMcR:d_MY-ZqzlOymy13EBcucodrz_qyi5Mr-jPzL6jSyhuI", "expire_date": "2022-04-18T13:19:43.550Z"}}, {"model": "sessions.session", "pk": "iyeu29jrm3nl8u09o4oy6h9896y2nsiw", "fields": {"session_data": ".eJxVjMsOwiAQAP-FsyGw8vTo3W8gyy6VqqFJaU_GfzckPeh1ZjJvkXDfatp7WdPM4iK0OP2yjPQsbQh-YLsvkpa2rXOWI5GH7fK2cHldj_ZvULHXsXWTAuPBRAquFFLsOBsOxjhCYwMSnMFaHRUQR-YAIWLwFr3zftJOfL7OIjcp:1nnHfP:ql7VXm5TXai5BMqUveyr7acxJaE8D9TZi8Kd8hOE6js", "expire_date": "2022-05-21T10:28:03.144Z"}}, {"model": "sessions.session", "pk": "j7u5n3ne3h4l27r8vmiyrb4t8uavndl8", "fields": {"session_data": ".eJxVjMsOwiAQAP-FsyGw8vTo3W8gyy6VqqFJaU_GfzckPeh1ZjJvkXDfatp7WdPM4iK0OP2yjPQsbQh-YLsvkpa2rXOWI5GH7fK2cHldj_ZvULHXsXWTAuPBRAquFFLsOBsOxjhCYwMSnMFaHRUQR-YAIWLwFr3zftJOfL7OIjcp:1neRj0:p-YK9imsRXHUPoDESksohRez446GP2K-4mS0rc7sx-8", "expire_date": "2022-04-27T01:23:14.327Z"}}, {"model": "sessions.session", "pk": "jtzcgbi75xsogoh6btffz2h90cnx4z1r", "fields": {"session_data": ".eJxVjMsOwiAQAP-FsyGw8vTo3W8gyy6VqqFJaU_GfzckPeh1ZjJvkXDfatp7WdPM4iK0OP2yjPQsbQh-YLsvkpa2rXOWI5GH7fK2cHldj_ZvULHXsXWTAuPBRAquFFLsOBsOxjhCYwMSnMFaHRUQR-YAIWLwFr3zftJOfL7OIjcp:1ngKBy:Lz5Q8-Mv7M3vYbmDzccf9Fn0LZ1b8TkytKRTTawZ650", "expire_date": "2022-05-02T05:44:54.800Z"}}, {"model": "sessions.session", "pk": "kvypcgmjc28kbppn5x14f7qbrhtpzh5q", "fields": {"session_data": ".eJxVjMsOwiAQAP-FsyGw8vTo3W8gyy6VqqFJaU_GfzckPeh1ZjJvkXDfatp7WdPM4iK0OP2yjPQsbQh-YLsvkpa2rXOWI5GH7fK2cHldj_ZvULHXsXWTAuPBRAquFFLsOBsOxjhCYwMSnMFaHRUQR-YAIWLwFr3zftJOfL7OIjcp:1nXrGU:O14VXl0lyX8QrWYhmzBvvJ3lkydNLgnbr-4g9FwXQrE", "expire_date": "2022-04-08T21:14:34.649Z"}}, {"model": "sessions.session", "pk": "lrqyga38644bftpz2jl87n64gxe58xt8", "fields": {"session_data": ".eJxVjMsOwiAQAP-FsyGw8vTo3W8gyy6VqqFJaU_GfzckPeh1ZjJvkXDfatp7WdPM4iK0OP2yjPQsbQh-YLsvkpa2rXOWI5GH7fK2cHldj_ZvULHXsXWTAuPBRAquFFLsOBsOxjhCYwMSnMFaHRUQR-YAIWLwFr3zftJOfL7OIjcp:1njg2R:JA0ghiAUWFTPS6kWhbu0B2v0AfOoFzQNW8wXtQd_ddg", "expire_date": "2022-05-11T11:40:55.754Z"}}, {"model": "sessions.session", "pk": "n5lqsan0yxyk76jy2xv332y0zi178krl", "fields": {"session_data": ".eJxVjMsOwiAQAP-FsyGw8vTo3W8gyy6VqqFJaU_GfzckPeh1ZjJvkXDfatp7WdPM4iK0OP2yjPQsbQh-YLsvkpa2rXOWI5GH7fK2cHldj_ZvULHXsXWTAuPBRAquFFLsOBsOxjhCYwMSnMFaHRUQR-YAIWLwFr3zftJOfL7OIjcp:1nn6RP:wbMbrPSKKsAwVqoS2JODAUIo8W57ldqrscpN4eXf4_A", "expire_date": "2022-05-20T22:28:51.004Z"}}, {"model": "sessions.session", "pk": "npumwxg07zwpeahhsjmp993wmdsqs2re", "fields": {"session_data": ".eJxVjMsOwiAQAP-FsyGw8vTo3W8gyy6VqqFJaU_GfzckPeh1ZjJvkXDfatp7WdPM4iK0OP2yjPQsbQh-YLsvkpa2rXOWI5GH7fK2cHldj_ZvULHXsXWTAuPBRAquFFLsOBsOxjhCYwMSnMFaHRUQR-YAIWLwFr3zftJOfL7OIjcp:1njntV:T_39sQ11_SWiocJmSC8b4wz6Hk5qeLoyhR9N2Q6RSaQ", "expire_date": "2022-05-11T20:04:13.593Z"}}, {"model": "sessions.session", "pk": "pmwxi9wqxqbexj4fiafvkgfb0hret6yt", "fields": {"session_data": ".eJxVjMsOwiAQAP-FsyGw8vTo3W8gyy6VqqFJaU_GfzckPeh1ZjJvkXDfatp7WdPM4iK0OP2yjPQsbQh-YLsvkpa2rXOWI5GH7fK2cHldj_ZvULHXsXWTAuPBRAquFFLsOBsOxjhCYwMSnMFaHRUQR-YAIWLwFr3zftJOfL7OIjcp:1neifx:a46OaevZiUa_xDcvdhsDlV5UvVSAxLbzVi484DRWxZ4", "expire_date": "2022-04-27T19:29:13.636Z"}}, {"model": "sessions.session", "pk": "vn63vkv6nfd0addx8aeh3l91wjtz8fnx", "fields": {"session_data": ".eJxVjMsOwiAQAP-FsyGw8vTo3W8gyy6VqqFJaU_GfzckPeh1ZjJvkXDfatp7WdPM4iK0OP2yjPQsbQh-YLsvkpa2rXOWI5GH7fK2cHldj_ZvULHXsXWTAuPBRAquFFLsOBsOxjhCYwMSnMFaHRUQR-YAIWLwFr3zftJOfL7OIjcp:1nbRwS:9ZPwg1X7Ab_aBrF-JrKDPfXw8MSVDpfDp1VOlgSVGIc", "expire_date": "2022-04-18T19:00:44.667Z"}}, {"model": "sessions.session", "pk": "wfk6uk8wdq74vzotmw3ikpimtebhtoqd", "fields": {"session_data": ".eJxVjMsOwiAQAP-FsyGw8vTo3W8gyy6VqqFJaU_GfzckPeh1ZjJvkXDfatp7WdPM4iK0OP2yjPQsbQh-YLsvkpa2rXOWI5GH7fK2cHldj_ZvULHXsXWTAuPBRAquFFLsOBsOxjhCYwMSnMFaHRUQR-YAIWLwFr3zftJOfL7OIjcp:1ncCEj:YZFlM_v4IUwnciiA4R-EiPKWnxa406aM1R0KwNlI3PI", "expire_date": "2022-04-20T20:26:41.672Z"}}, {"model": "Events.location", "pk": 2, "fields": {"locationName": "Tacklebox", "address": null, "picture": "https://localwiki.org/chico/joe's%20bar/_files/Joes.jpg", "listing": "https://www.google.com/maps/place/Tackle+Box/@39.7145029,-121.8109508,17z/data=!3m1!4b1!4m5!3m4!1s0x8083289e4283e9e3:0x37dcfa7f5d488b41!8m2!3d39.7144798!4d-121.8087369", "website": "https://www.tackleboxchico.com/events/", "type": "B"}}, {"model": "Events.location", "pk": 3, "fields": {"locationName": "The Commons Social Empourium", "address": null, "picture": "https://images.squarespace-cdn.com/content/v1/58e679e5e58c625ba88f6023/1539800161775-J82UWAK3PK057IQRET7L/P1480017.jpg?format=1500w", "listing": "https://www.google.com/maps/place/The+Commons+Social+Empourium/@39.7147639,-121.8179464,17z/data=!3m1!4b1!4m5!3m4!1s0x808326269bb79443:0x7247d53a4682944c!8m2!3d39.7147598!4d-121.8157577", "website": "https://www.thecommonschico.com/", "type": "B"}}, {"model": "Events.location", "pk": 4, "fields": {"locationName": "Secret Trail Brewing Company", "address": null, "picture": "https://theorion.com/wp-content/uploads/2021/10/secret-bar-900x625.jpg", "listing": "https://www.google.com/maps/place/Secret+Trail+Brewing+Company/@39.7144658,-121.819457,17z/data=!3m1!4b1!4m5!3m4!1s0x808326243078ada3:0x74b3fc378eba7b9f!8m2!3d39.7144617!4d-121.8172683", "website": "https://www.secrettrailbrewing.com/", "type": "B"}}, {"model": "Events.location", "pk": 5, "fields": {"locationName": "Mulberry Station Brewing Company", "address": null, "picture": "https://mulberrystationbrewery.com/wp-content/uploads/2021/04/DSC00477-1024x683.jpg", "listing": "https://www.google.com/maps/place/Mulberry+Station+Brewing+Company/@39.7195836,-121.8243757,17z/data=!3m1!4b1!4m5!3m4!1s0x8083276867dbd933:0x477ef082d16d1196!8m2!3d39.7195795!4d-121.822187", "website": "https://mulberrystationbrewery.com/", "type": "B"}}, {"model": "Events.location", "pk": 6, "fields": {"locationName": "The Handlebar", "address": null, "picture": "https://s3-media0.fl.yelpcdn.com/bphoto/9lQzEM-_rygYfVNDiIokYA/348s.jpg", "listing": "https://www.google.com/maps/place/The+Handle+Bar/@39.7275602,-121.8012645,17z/data=!3m1!4b1!4m5!3m4!1s0x80832888ab1a3c97:0xebeb483a90a248c7!8m2!3d39.7276619!4d-121.7991167", "website": "http://www.handlebarchico.com/", "type": "B"}}, {"model": "Events.location", "pk": 7, "fields": {"locationName": "Sol Mexican Grill", "address": null, "picture": "https://cdn0.weddingwire.com/vendor/594559/3_2/960/jpg/img-2995_51_1955495-163252076846992.jpeg", "listing": "https://www.google.com/maps/place/Sol+Mexican+Grill/@39.7731221,-121.8804637,17z/data=!3m1!4b1!4m5!3m4!1s0x8082d8e7e2d3fa4b:0x782c60f5fc027811!8m2!3d39.7731027!4d-121.8782836", "website": "https://www.solmexicangrill.com/", "type": "R"}}, {"model": "Events.location", "pk": 8, "fields": {"locationName": "Bowlero Chico", "address": null, "picture": "https://s3-media0.fl.yelpcdn.com/bphoto/j1vpmSTRSPTa9FHNqvp9lQ/l.jpg", "listing": "https://www.google.com/maps/place/Bowlero+Chico/@39.7544171,-121.8625587,17z/data=!3m1!4b1!4m5!3m4!1s0x8082d8813fa06387:0x3d2bac62acdcc67a!8m2!3d39.7545324!4d-121.8604877", "website": "https://www.bowlero.com/location/bowlero-chico/specials", "type": "O"}}, {"model": "Events.location", "pk": 9, "fields": {"locationName": "Wine Time", "address": null, "picture": "https://media-cdn.tripadvisor.com/media/photo-s/07/53/1b/f1/wine-time.jpg", "listing": "https://www.google.com/maps/place/Wine+Time/@39.7706416,-121.8791263,17z/data=!3m1!4b1!4m5!3m4!1s0x8082d8e9afe8fcaf:0xfb5faa10feee5385!8m2!3d39.7706779!4d-121.8768667", "website": "https://www.google.com/maps/place/Wine+Time/@39.7706416,-121.8791263,17z/data=!3m1!4b1!4m5!3m4!1s0x8082d8e9afe8fcaf:0xfb5faa10feee5385!8m2!3d39.7706779!4d-121.8768667", "type": "B"}}, {"model": "Events.location", "pk": 10, "fields": {"locationName": "The Lost Dutchman Taproom", "address": null, "picture": "https://www.explorebuttecounty.com/assets/images/Wineries-and-Breweries/lostdutchmantaproom-chico3.1.jpg", "listing": "https://www.google.com/maps/place/The+Lost+Dutchman+Taproom/@39.7704658,-121.8789225,17z/data=!3m1!4b1!4m5!3m4!1s0x8082d8e9a4f71eb7:0x2309956e790d60b5!8m2!3d39.7704217!4d-121.8766954", "website": "http://www.lostdutchmantaproom.com/index.html", "type": "B"}}, {"model": "Events.location", "pk": 11, "fields": {"locationName": "Studio Inn", "address": null, "picture": "https://lh3.googleusercontent.com/p/AF1QipNh6o0x5gbRbEiKORpRQsK1s4N6L3oJRxjUX6xF=s1600-w400", "listing": "https://www.google.com/maps/place/Studio+Inn/@39.7582629,-121.864439,17z/data=!3m1!4b1!4m5!3m4!1s0x8082d885dd31243f:0xbbe6ca242e168c!8m2!3d39.7581223!4d-121.8622701", "website": "https://www.google.com/maps/place/Studio+Inn/@39.7582629,-121.864439,17z/data=!3m1!4b1!4m5!3m4!1s0x8082d885dd31243f:0xbbe6ca242e168c!8m2!3d39.7581223!4d-121.8622701", "type": "B"}}, {"model": "Events.location", "pk": 12, "fields": {"locationName": "La Hacienda", "address": null, "picture": "https://media-cdn.tripadvisor.com/media/photo-s/03/56/bd/24/la-hacienda-restaurant.jpg", "listing": "https://www.google.com/maps/place/La+Hacienda/@39.7586639,-121.8661061,17z/data=!3m1!4b1!4m5!3m4!1s0x8082d885888e31cd:0x2202878c78cda1d5!8m2!3d39.7587108!4d-121.8638298", "website": "http://lahacienda-chico.com/menu/#happy_hour", "type": "R"}}, {"model": "Events.location", "pk": 13, "fields": {"locationName": "Farm Star Pizza", "address": null, "picture": "https://farmstarpizza.com/wp-content/uploads/2021/11/2-farm-star-pizza-inside.jpg", "listing": "https://www.google.com/maps/place/Farm+Star+Pizza/@39.7531871,-121.8604777,17z/data=!3m1!4b1!4m5!3m4!1s0x8082d8805b3d5c93:0xbc2fcce932fd37d0!8m2!3d39.753183!4d-121.858289", "website": "https://farmstarpizza.com/", "type": "R"}}, {"model": "Events.location", "pk": 14, "fields": {"locationName": "Buffalo Wild Wings", "address": null, "picture": "https://resizer.otstatic.com/v2/photos/wide-large/1/25267615.jpg?width=120&height=140&crop=true", "listing": "https://www.google.com/maps/place/Buffalo+Wild+Wings/@39.7597593,-121.8470187,17z/data=!3m1!4b1!4m5!3m4!1s0x8082d877583bdf9b:0x2bccd3caabd4594e!8m2!3d39.7599408!4d-121.8448014", "website": "https://www.buffalowildwings.com/en/promos/", "type": "R"}}, {"model": "Events.location", "pk": 15, "fields": {"locationName": "The Chico Taproom", "address": null, "picture": "https://media-cdn.tripadvisor.com/media/photo-s/0f/61/e2/85/chico-taproom.jpg", "listing": "https://www.google.com/maps/place/The+Chico+Taproom/@39.7567879,-121.8498936,17z/data=!3m1!4b1!4m5!3m4!1s0x8082d878557e558f:0xaefa16a9c68578b6!8m2!3d39.7567838!4d-121.8477049", "website": "https://www.thechicotaproom.com/", "type": "B"}}, {"model": "Events.location", "pk": 16, "fields": {"locationName": "The Pour House", "address": null, "picture": "https://www.chicoer.com/wp-content/uploads/2020/05/COVID1.jpg?w=525", "listing": "https://www.google.com/maps/place/The+Pour+House/@39.7606455,-121.8461842,17z/data=!3m1!4b1!4m5!3m4!1s0x8082d870b1e4a921:0xd4a2dd8ff264d68!8m2!3d39.7606414!4d-121.8439955", "website": "https://www.chicopourhouse.com/menus/#happy-hour", "type": "R"}}, {"model": "Events.location", "pk": 17, "fields": {"locationName": "Nash's Restaurant", "address": null, "picture": "https://localwiki.org/media/pages/files/97rhy06cl3957lya.jpg", "listing": "https://www.google.com/maps/place/Nash's+Restaurant/@39.7442594,-121.8530012,17z/data=!3m1!4b1!4m5!3m4!1s0x8083278354964f35:0x146224d93abbae42!8m2!3d39.7442553!4d-121.8508125", "website": "https://www.nashs.restaurant/", "type": "R"}}, {"model": "Events.location", "pk": 18, "fields": {"locationName": "Unwined Kitchen & Bar", "address": null, "picture": "https://media-cdn.tripadvisor.com/media/photo-s/12/65/f8/ed/unwined-kitchen-bar.jpg", "listing": "https://www.google.com/maps/place/Unwined+Kitchen+%26+Bar/@39.7393511,-121.8386187,17z/data=!3m1!4b1!4m5!3m4!1s0x808327be2a953a1f:0xb062b9850a33ac6a!8m2!3d39.739347!4d-121.83643", "website": "https://www.unwinedchico.com/menu/", "type": "R"}}, {"model": "Events.location", "pk": 19, "fields": {"locationName": "Burgers & Brew", "address": null, "picture": "https://www.downtownchico.com/webart/listings/31.jpg", "listing": "https://www.google.com/maps/place/Burgers+%26+Brew/@39.7290362,-121.842374,17z/data=!3m1!4b1!4m5!3m4!1s0x808327ba6b776843:0x240027082df4edae!8m2!3d39.7290068!4d-121.84022", "website": "https://www.burgersnbrew.com/menus", "type": "R"}}, {"model": "Events.location", "pk": 20, "fields": {"locationName": "Woodstock's Pizza", "address": null, "picture": "https://www.downtownchico.com/webart/gallery/553.jpg", "listing": "https://www.google.com/maps/place/Woodstock's+Pizza/@39.7296318,-121.8421804,17z/data=!3m1!4b1!4m5!3m4!1s0x808327ba3a8649c1:0x5dda8076966d3886!8m2!3d39.7295192!4d-121.8399573", "website": "https://woodstockschico.com/events/", "type": "R"}}, {"model": "Events.location", "pk": 21, "fields": {"locationName": "Duffy's Tavern", "address": null, "picture": "https://www.indieonthemove.com/resize/duffl.jpg", "listing": "https://www.google.com/maps/place/Duffy's+Tavern/@39.7291713,-121.8409936,17z/data=!3m1!4b1!4m5!3m4!1s0x808327ba00482fab:0x9473cb0521a08eb3!8m2!3d39.7291667!4d-121.8388017", "website": "https://www.google.com/maps/place/Duffy's+Tavern/@39.7291713,-121.8409936,17z/data=!3m1!4b1!4m5!3m4!1s0x808327ba00482fab:0x9473cb0521a08eb3!8m2!3d39.7291667!4d-121.8388017", "type": "B"}}, {"model": "Events.location", "pk": 22, "fields": {"locationName": "La Salles", "address": null, "picture": "https://www.downtownchico.com/webart/listings/headers/x13.jpg.pagespeed.ic.3viZreqMPp.jpg", "listing": "https://www.google.com/maps/place/La+Salles/@39.7293738,-121.8428775,17z/data=!3m1!4b1!4m5!3m4!1s0x808327ba727aa9ab:0x92d682888a1cfa47!8m2!3d39.7293752!4d-121.8406811", "website": "https://www.lasalleschico.com/menu/menu", "type": "R"}}, {"model": "Events.location", "pk": 23, "fields": {"locationName": "Bella's Sports Pub", "address": null, "picture": "https://s3-media0.fl.yelpcdn.com/bphoto/pBnQ-hWrCHBBbMlmKFeo3w/348s.jpg", "listing": "https://www.google.com/maps/place/Bella's+Sports+Pub/@39.7299994,-121.8419102,17z/data=!3m1!4b1!4m5!3m4!1s0x808327ba5ea89bcb:0x87827b1e22ab0cdf!8m2!3d39.7299879!4d-121.839725", "website": "https://www.google.com/maps/place/Bella's+Sports+Pub/@39.7299994,-121.8419102,17z/data=!3m1!4b1!4m5!3m4!1s0x808327ba5ea89bcb:0x87827b1e22ab0cdf!8m2!3d39.7299879!4d-121.839725", "type": "B"}}, {"model": "Events.location", "pk": 24, "fields": {"locationName": "The Rawbar Restaurant & Sushi", "address": null, "picture": "https://www.mountainvalleyliving.com/wp-content/uploads/2012/06/Inside.jpeg", "listing": "https://www.google.com/maps/place/The+Rawbar+Restaurant+%26+Sushi/@39.7283334,-121.8421462,17z/data=!3m1!4b1!4m5!3m4!1s0x808327b0baac0cb7:0xc109102ec42e1a!8m2!3d39.728322!4d-121.8399452", "website": "https://www.rawbarchico.com/rawbar-menu", "type": "R"}}, {"model": "Events.location", "pk": 25, "fields": {"locationName": "Riley's", "address": null, "picture": "https://www.explorebuttecounty.com/assets/images/Restaurants-Food-and-Drink/Chico/Rileys.jpg", "listing": "https://www.google.com/maps/place/Riley's/@39.7245312,-121.8461339,17z/data=!3m1!4b1!4m5!3m4!1s0x808327b1c31107db:0xea6a0cda209a9677!8m2!3d39.7245773!4d-121.84389", "website": "http://www.rileysbar.com/?y_source=1_MTcxNDYxMzctNzE1LWxvY2F0aW9uLndlYnNpdGU%3D", "type": "B"}}, {"model": "Events.location", "pk": 26, "fields": {"locationName": "Joe's Bar", "address": null, "picture": "https://i.pinimg.com/originals/0b/35/94/0b35942c3a614b1dd64a4654920f8c83.jpg", "listing": "https://www.google.com/maps/place/Joe's+Bar/@39.723838,-121.8463967,17z/data=!3m1!4b1!4m5!3m4!1s0x808327b1e5dd2dcd:0x204c379e3ccf5536!8m2!3d39.7239037!4d-121.8443002", "website": "https://www.google.com/maps/place/Joe's+Bar/@39.723838,-121.8463967,17z/data=!3m1!4b1!4m5!3m4!1s0x808327b1e5dd2dcd:0x204c379e3ccf5536!8m2!3d39.7239037!4d-121.8443002", "type": "B"}}, {"model": "Events.location", "pk": 27, "fields": {"locationName": "Franky's", "address": null, "picture": "https://assets.website-files.com/616564ea243512c16a7387d7/616daad9f3582831a4e0707a_front.jpg", "listing": "https://www.google.com/maps/place/Franky's/@39.7241027,-121.8458622,17z/data=!3m1!4b1!4m5!3m4!1s0x808327b1eb8db835:0x190b87d655ce69a6!8m2!3d39.7241325!4d-121.8436968", "website": "https://www.frankyschico.com/menu", "type": "R"}}, {"model": "Events.location", "pk": 28, "fields": {"locationName": "Taps Bar & Grill", "address": null, "picture": "https://cdn.usarestaurants.info/assets/uploads/6399fa9955567ce5bcf4976a6aa4d4f5_-united-states-california-butte-county-chico-taps-bar-grill-530-636-4341htm.jpg", "listing": "https://www.google.com/maps/place/Taps+Bar+%26+Grill/@39.7228064,-121.8497709,17z/data=!3m1!4b1!4m5!3m4!1s0x808327ae6257bd8b:0xaaa6e879053cefe9!8m2!3d39.7228023!4d-121.8475822", "website": "https://www.tapsbargrillmenu.com/", "type": "B"}}, {"model": "Events.location", "pk": 29, "fields": {"locationName": "Oasis Bar & Grill", "address": null, "picture": "https://www.explorebuttecounty.com/assets/images/Restaurants-Food-and-Drink/Chico/Oasis-Bar-and-Grille_interior.jpg", "listing": "https://www.google.com/maps/place/Oasis+Bar+%26+Grill/@39.7250424,-121.8518226,17z/data=!3m1!4b1!4m5!3m4!1s0x808327af473f4c53:0xa02cccf10411d853!8m2!3d39.725098!4d-121.849668", "website": "https://www.oasisbarandgrill.net/drink-specials", "type": "B"}}, {"model": "Events.location", "pk": 30, "fields": {"locationName": "Argus", "address": null, "picture": "https://www.downtownchico.com/webart/gallery/752.jpg", "listing": "https://www.google.com/maps/place/Argus+%7C+Bar+%2B+Patio/@39.7296574,-121.8439032,17z/data=!3m1!4b1!4m5!3m4!1s0x808327ba66fd009d:0x3ce427175d12880f!8m2!3d39.7296101!4d-121.8417056", "website": "https://www.google.com/maps/place/Argus+%7C+Bar+%2B+Patio/@39.7296574,-121.8439032,17z/data=!3m1!4b1!4m5!3m4!1s0x808327ba66fd009d:0x3ce427175d12880f!8m2!3d39.7296101!4d-121.8417056", "type": "B"}}, {"model": "Events.location", "pk": 31, "fields": {"locationName": "B Street Public House", "address": null, "picture": "https://cdn.usarestaurants.info/assets/uploads/cfda19551187000a60b5e7149f2a00d8_-united-states-california-butte-county-chico-b-street-public-house-530-899-8203htm.jpg", "listing": "https://www.google.com/maps/place/B+Street+Public+House/@39.7303439,-121.8438068,17z/data=!3m1!4b1!4m5!3m4!1s0x808327ba50b5d41b:0xd3910cd49bd11e67!8m2!3d39.7302884!4d-121.8416953", "website": "https://www.google.com/maps/place/B+Street+Public+House/@39.7303439,-121.8438068,17z/data=!3m1!4b1!4m5!3m4!1s0x808327ba50b5d41b:0xd3910cd49bd11e67!8m2!3d39.7302884!4d-121.8416953", "type": "R"}}, {"model": "Events.location", "pk": 32, "fields": {"locationName": "Bill's Towne Lounge", "address": null, "picture": "https://www.downtownchico.com/webart/listings/533.jpg", "listing": "https://www.google.com/maps/place/Bill's+Towne+Lounge/@39.7306739,-121.8426958,17z/data=!3m1!4b1!4m5!3m4!1s0x808327ac7a42aed1:0x3d55a8e90b54d5c4!8m2!3d39.7306734!4d-121.8405079", "website": "https://www.google.com/maps/place/Bill's+Towne+Lounge/@39.7306739,-121.8426958,17z/data=!3m1!4b1!4m5!3m4!1s0x808327ac7a42aed1:0x3d55a8e90b54d5c4!8m2!3d39.7306734!4d-121.8405079", "type": "R"}}, {"model": "Events.location", "pk": 33, "fields": {"locationName": "The Banshee", "address": null, "picture": "https://www.downtownchico.com/webart/listings/x68.jpg.pagespeed.ic.nbdAeVI7Qt.jpg", "listing": "https://www.google.com/maps/place/The+Banshee/@39.7300351,-121.8432597,17z/data=!3m1!4b1!4m5!3m4!1s0x808327ba426cbe7d:0x663742ef8a005bc5!8m2!3d39.7300443!4d-121.8410833", "website": "https://www.thebansheechico.com/", "type": "R"}}, {"model": "Events.location", "pk": 34, "fields": {"locationName": "Crush", "address": null, "picture": "https://chicocrush.com/wp-content/uploads/2015/02/chico-crush.jpg", "listing": "https://www.google.com/maps/place/Crush/@39.7297131,-121.8429547,17z/data=!3m2!4b1!5s0x808327ba6bd6f5fd:0x698573be664d90eb!4m5!3m4!1s0x808327ba6b776843:0xf7eb25350ab69684!8m2!3d39.729709!4d-121.840766", "website": "https://chicocrush.com/menu/happy-hour/", "type": "R"}}, {"model": "Events.location", "pk": 35, "fields": {"locationName": "Panama Bar Cafe", "address": null, "picture": "https://fastly.4sqi.net/img/general/600x600/21055613_8TjK2zpjlNmBCuFobN1J8xqULMTkNMUntVSFjQtfALk.jpg", "listing": "https://www.google.com/maps/place/Panama+Bar+Cafe/@39.7304839,-121.8418092,17z/data=!3m1!4b1!4m5!3m4!1s0x808327ba23982105:0x8b2781fd821f229f!8m2!3d39.7305878!4d-121.839743", "website": "https://panamabarcafeinchico.com/", "type": "B"}}, {"model": "Events.location", "pk": 36, "fields": {"locationName": "The University Bar", "address": null, "picture": "https://www.downtownchico.com/webart/listings/17.jpg", "listing": "https://www.google.com/maps/place/The+University+Bar/@39.7307874,-121.8416393,17z/data=!3m2!4b1!5s0x808327ba26d44ba7:0xe3c82e599af7c98e!4m5!3m4!1s0x808327ba268663b5:0x555bd7299671b04c!8m2!3d39.7307833", "website": "https://www.google.com/maps/place/The+University+Bar/@39.7307874,-121.8416393,17z/data=!3m2!4b1!5s0x808327ba26d44ba7:0xe3c82e599af7c98e!4m5!3m4!1s0x808327ba268663b5:0x555bd7299671b04c!8m2!3d39.7307833", "type": "B"}}, {"model": "Events.location", "pk": 37, "fields": {"locationName": "Madison Bear Garden", "address": null, "picture": "https://www.downtownchico.com/webart/gallery/51.jpg", "listing": "https://www.google.com/maps/place/Madison+Bear+Garden/@39.7291034,-121.8447057,17z/data=!3m1!4b1!4m5!3m4!1s0x808327ba8d850b6b:0x4eeadbb93b74094c!8m2!3d39.7291248!4d-121.8425168", "website": "http://www.madisonbeargarden.com/", "type": "B"}}, {"model": "Events.location", "pk": 38, "fields": {"locationName": "Tres Hombres Long Bar & Grill", "address": null, "picture": "https://treshombreschico.com/assets/images/logo-tres-hombres.svg", "listing": "https://www.google.com/maps/place/Tres+Hombres+Long+Bar+%26+Grill/@39.7302231,-121.8442401,17z/data=!3m1!4b1!4m5!3m4!1s0x808327baf9d3f481:0xa1dc1309118d6989!8m2!3d39.7302153!4d-121.8420589", "website": "https://treshombreschico.com/menus/happy-hour/", "type": "R"}}, {"model": "Events.location", "pk": 39, "fields": {"locationName": "Parkside Taphouse", "address": null, "picture": "https://images.squarespace-cdn.com/content/v1/57d9ac26ff7c50695a731a3d/1521748677714-975HRWJDGD87WYQ899CO/IMG_2562-2-hoempage.jpg?format=1500w", "listing": "https://www.google.com/maps/place/Parkside+Tap+House/@39.729318,-121.8418581,17z/data=!3m1!4b1!4m5!3m4!1s0x808327ba07295e11:0x92d7a552c7bbe7b1!8m2!3d39.7293935!4d-121.8397563", "website": "https://www.parksidetaphouse.com/menu", "type": "B"}}, {"model": "Events.location", "pk": 40, "fields": {"locationName": "5th Street Steakhouse", "address": null, "picture": "https://upload.wikimedia.org/wikipedia/commons/9/94/5th_Street_Steakhouse%2C_Chico%2C_CA_-_panoramio.jpg", "listing": "https://www.google.com/maps/place/5th+Street+Steakhouse/@39.7263702,-121.8426683,17z/data=!3m1!4b1!4m5!3m4!1s0x808327b121a79a71:0x84e8cf74dfbc2c39!8m2!3d39.7263837!4d-121.8405023", "website": "https://www.5thstreetsteakhouse.com/menu", "type": "R"}}, {"model": "Events.location", "pk": 41, "fields": {"locationName": "Down Lo", "address": null, "picture": "https://www.downtownchico.com/webart/listings/11.jpg", "listing": "https://www.google.com/maps/place/Down+Lo/@39.7295878,-121.8412008,17z/data=!3m1!4b1!4m5!3m4!1s0x808327b9fedd72bd:0xd7557749030df4e!8m2!3d39.7294861!4d-121.8391594", "website": "https://www.google.com/maps/place/Down+Lo/@39.7295878,-121.8412008,17z/data=!3m1!4b1!4m5!3m4!1s0x808327b9fedd72bd:0xd7557749030df4e!8m2!3d39.7294861!4d-121.8391594", "type": "B"}}, {"model": "Events.location", "pk": 42, "fields": {"locationName": "Quacker's Fire Grill & Bar", "address": null, "picture": "https://s3-media0.fl.yelpcdn.com/bphoto/jw-appYzlYRJnEvEEoUsZA/348s.jpg", "listing": "https://www.google.com/maps/place/Quackers+Fire+Grill+%26+Bar/@39.761068,-121.8433665,17z/data=!3m1!4b1!4m5!3m4!1s0x8082d871320d93b3:0x15d1dd72487362a8!8m2!3d39.7610639!4d-121.8411778", "website": "http://quackersfiregrillandbars.com/services/", "type": "B"}}, {"model": "Events.event", "pk": 3, "fields": {"location": 2, "eventTitle": "2-for-1 Burgers", "frequency": 4, "dayOfWeek": "MO", "active": true, "type": "OT", "description": "yummm", "time": "4pm - close"}}, {"model": "Events.event", "pk": 4, "fields": {"location": 22, "eventTitle": "Happy Hour", "frequency": 4, "dayOfWeek": "MO", "active": true, "type": "HH", "description": "Food and Drink Deals", "time": "4pm-6pm"}}, {"model": "Events.event", "pk": 5, "fields": {"location": 22, "eventTitle": "Happy Hour", "frequency": 4, "dayOfWeek": "TU", "active": true, "type": "HH", "description": "Food and Drink Deals", "time": "4pm-6pm"}}, {"model": "Events.event", "pk": 6, "fields": {"location": 22, "eventTitle": "Happy Hour", "frequency": 4, "dayOfWeek": "WE", "active": true, "type": "HH", "description": "Food and Drink Deals", "time": "4pm-6pm"}}, {"model": "Events.event", "pk": 7, "fields": {"location": 22, "eventTitle": "Happy Hour", "frequency": 4, "dayOfWeek": "TH", "active": true, "type": "HH", "description": "Food and Drink Deals", "time": "4pm-6pm"}}, {"model": "Events.event", "pk": 8, "fields": {"location": 22, "eventTitle": "Happy Hour", "frequency": 4, "dayOfWeek": "FR", "active": true, "type": "HH", "description": "Food and Drink Deals", "time": "4pm-6pm"}}, {"model": "Events.event", "pk": 9, "fields": {"location": 22, "eventTitle": "Happy Hour", "frequency": 4, "dayOfWeek": "FR", "active": true, "type": "HH", "description": "Food and Drink Deals", "time": "10pm-12am"}}, {"model": "Events.event", "pk": 10, "fields": {"location": 22, "eventTitle": "Happy Hour", "frequency": 4, "dayOfWeek": "SA", "active": true, "type": "HH", "description": "Food and Drink Deals", "time": "4pm-6pm"}}, {"model": "Events.event", "pk": 11, "fields": {"location": 22, "eventTitle": "Happy Hour", "frequency": 4, "dayOfWeek": "SA", "active": true, "type": "HH", "description": "Food and Drink Deals", "time": "10pm-12am"}}, {"model": "Events.event", "pk": 12, "fields": {"location": 22, "eventTitle": "Happy Hour", "frequency": 4, "dayOfWeek": "SU", "active": true, "type": "HH", "description": "Food and Drink Deals", "time": "4pm-8pm"}}, {"model": "Events.event", "pk": 13, "fields": {"location": 2, "eventTitle": "Daily Deal", "frequency": 4, "dayOfWeek": "MO", "active": true, "type": "OT", "description": "3 for 1 Burgers", "time": "9am-12am"}}, {"model": "Events.event", "pk": 14, "fields": {"location": 2, "eventTitle": "Happy Hour", "frequency": 4, "dayOfWeek": "MO", "active": true, "type": "HH", "description": "Food and Drink Deals", "time": "4pm-6pm"}}, {"model": "Events.event", "pk": 15, "fields": {"location": 2, "eventTitle": "Daily Deal", "frequency": 4, "dayOfWeek": "TU", "active": true, "type": "OT", "description": "$1.25 Tacos", "time": "9am-1am"}}, {"model": "Events.event", "pk": 16, "fields": {"location": 2, "eventTitle": "Line Dancing", "frequency": 4, "dayOfWeek": "TU", "active": true, "type": "OT", "description": "Line Dancing", "time": "6:30"}}, {"model": "Events.event", "pk": 17, "fields": {"location": 2, "eventTitle": "Karaoke", "frequency": 4, "dayOfWeek": "TU", "active": true, "type": "OT", "description": "Karaoke", "time": "8pm"}}, {"model": "Events.event", "pk": 18, "fields": {"location": 2, "eventTitle": "Happy Hour", "frequency": 4, "dayOfWeek": "TU", "active": true, "type": "HH", "description": "Food and Drink Deals", "time": "4pm-6pm"}}, {"model": "Events.event", "pk": 19, "fields": {"location": 2, "eventTitle": "Daily Deal", "frequency": 4, "dayOfWeek": "WE", "active": true, "type": "OT", "description": "$0.80 Wings", "time": "9am-12am"}}, {"model": "Events.event", "pk": 20, "fields": {"location": 2, "eventTitle": "Swing Dance", "frequency": 4, "dayOfWeek": "WE", "active": true, "type": "OT", "description": "Swing with Derek", "time": "7:30pm-9:30pm"}}, {"model": "Events.event", "pk": 21, "fields": {"location": 2, "eventTitle": "Happy Hour", "frequency": 4, "dayOfWeek": "WE", "active": true, "type": "HH", "description": "Food and Drink Deals", "time": "4pm-6pm"}}, {"model": "Events.event", "pk": 22, "fields": {"location": 2, "eventTitle": "Swing Dance", "frequency": 4, "dayOfWeek": "WE", "active": true, "type": "OT", "description": "Swing with Glenn", "time": "7pm-9pm"}}, {"model": "Events.event", "pk": 23, "fields": {"location": 2, "eventTitle": "Karaoke", "frequency": 4, "dayOfWeek": "WE", "active": true, "type": "OT", "description": "Karaoke", "time": "9pm"}}, {"model": "Events.event", "pk": 24, "fields": {"location": 2, "eventTitle": "Happy Hour", "frequency": 4, "dayOfWeek": "WE", "active": true, "type": "HH", "description": "Food and Drink Deals", "time": "4pm-6pm"}}, {"model": "Events.event", "pk": 25, "fields": {"location": 2, "eventTitle": "Live Music", "frequency": 4, "dayOfWeek": "FR", "active": true, "type": "OT", "description": "Live Music Performances Throughout the Day", "time": "9am-2am"}}, {"model": "Events.event", "pk": 26, "fields": {"location": 2, "eventTitle": "Happy Hour", "frequency": 4, "dayOfWeek": "FR", "active": true, "type": "HH", "description": "Food and Drink Deals", "time": "4pm-6pm"}}, {"model": "Events.event", "pk": 27, "fields": {"location": 2, "eventTitle": "Live Music", "frequency": 4, "dayOfWeek": "SA", "active": true, "type": "OT", "description": "Live Music Performances Throughout the Day", "time": "9am-2am"}}, {"model": "Events.event", "pk": 28, "fields": {"location": 2, "eventTitle": "Happy Hour", "frequency": 4, "dayOfWeek": "SU", "active": true, "type": "HH", "description": "$3 Bloody Marys and Mimosas", "time": "9am-1pm"}}, {"model": "Events.event", "pk": 29, "fields": {"location": 7, "eventTitle": "Happy Hour", "frequency": 4, "dayOfWeek": "MO", "active": true, "type": "HH", "description": "Food and Drink Deals", "time": "3:30pm-5:30pm"}}, {"model": "Events.event", "pk": 30, "fields": {"location": 7, "eventTitle": "Happy Hour", "frequency": 4, "dayOfWeek": "TU", "active": true, "type": "HH", "description": "Food and Drink Deals", "time": "3:30pm-5:30pm"}}, {"model": "Events.event", "pk": 31, "fields": {"location": 7, "eventTitle": "Happy Hour", "frequency": 4, "dayOfWeek": "WE", "active": true, "type": "HH", "description": "Food and Drink Deals", "time": "3:30pm-5:30pm"}}, {"model": "Events.event", "pk": 32, "fields": {"location": 7, "eventTitle": "Happy Hour", "frequency": 4, "dayOfWeek": "TH", "active": true, "type": "HH", "description": "Food and Drink Deals", "time": "3:30pm-5:30pm"}}, {"model": "Events.event", "pk": 33, "fields": {"location": 7, "eventTitle": "Happy Hour", "frequency": 4, "dayOfWeek": "FR", "active": true, "type": "HH", "description": "Food and Drink Deals", "time": "3:30pm-5:30pm"}}, {"model": "Events.event", "pk": 34, "fields": {"location": 8, "eventTitle": "Daily Deal", "frequency": 4, "dayOfWeek": "MO", "active": true, "type": "OT", "description": "Unlimited Bowling + Arcade", "time": "7pm-11pm"}}, {"model": "Events.event", "pk": 35, "fields": {"location": 8, "eventTitle": "Daily Deal", "frequency": 4, "dayOfWeek": "TU", "active": true, "type": "OT", "description": "$2.88 Games, Tacos, Tall Boys + Long Island Iced Teas", "time": "7pm-11pm"}}, {"model": "Events.event", "pk": 36, "fields": {"location": 8, "eventTitle": "Daily Deal", "frequency": 4, "dayOfWeek": "WE", "active": true, "type": "OT", "description": "All Day 1/2 Priced Arcade Games", "time": "1pm-11pm"}}, {"model": "Events.event", "pk": 37, "fields": {"location": 8, "eventTitle": "Daily Deal", "frequency": 4, "dayOfWeek": "FR", "active": true, "type": "OT", "description": "Unlimited Bowling", "time": "9pm-1am"}}, {"model": "Events.event", "pk": 38, "fields": {"location": 11, "eventTitle": "Comedy Night", "frequency": 4, "dayOfWeek": "WE", "active": true, "type": "OT", "description": "Comedy Night", "time": "9pm-2am"}}, {"model": "Events.event", "pk": 39, "fields": {"location": 12, "eventTitle": "Happy Hour", "frequency": 4, "dayOfWeek": "TH", "active": true, "type": "HH", "description": "Food and Drink Deals", "time": "3pm-7pm"}}, {"model": "Events.event", "pk": 40, "fields": {"location": 12, "eventTitle": "Happy Hour", "frequency": 4, "dayOfWeek": "FR", "active": true, "type": "HH", "description": "Food and Drink Deals", "time": "3pm-7pm"}}, {"model": "Events.event", "pk": 41, "fields": {"location": 12, "eventTitle": "Happy Hour", "frequency": 4, "dayOfWeek": "SA", "active": true, "type": "HH", "description": "Food and Drink Deals", "time": "3pm-7pm"}}, {"model": "Events.event", "pk": 42, "fields": {"location": 26, "eventTitle": "Mimosas", "frequency": 4, "dayOfWeek": "TU", "active": true, "type": "HH", "description": "This is a deal for misosas from Joes", "time": "12 - 12"}}, {"model": "Events.event", "pk": 43, "fields": {"location": 26, "eventTitle": "Another test event", "frequency": 4, "dayOfWeek": "WE", "active": true, "type": "HH", "description": "blahh", "time": "6-8"}}, {"model": "Events.event", "pk": 44, "fields": {"location": 37, "eventTitle": "Saturday Night Specials", "frequency": 4, "dayOfWeek": "SA", "active": true, "type": "OT", "description": "$2.99 Single or Specialty Shots\r\n$4.99 Double Wells", "time": "9pm - close"}}, {"model": "Events.event", "pk": 45, "fields": {"location": 37, "eventTitle": "Bear Beer Break", "frequency": 4, "dayOfWeek": "TU", "active": true, "type": "OT", "description": "$2 off Local Beer - Sierra Nevada, NorCal Brewing, Secret Trail, Farmers", "time": "4pm - 9pm"}}, {"model": "Events.event", "pk": 46, "fields": {"location": 37, "eventTitle": "Bear Beer Break", "frequency": 4, "dayOfWeek": "WE", "active": true, "type": "OT", "description": "$2 off Local Beer - Sierra Nevada, NorCal Brewing, Secret Trail, Farmers", "time": "4pm - 9pm"}}, {"model": "Events.event", "pk": 47, "fields": {"location": 37, "eventTitle": "Rocket Fuels", "frequency": 4, "dayOfWeek": "TH", "active": true, "type": "OT", "description": "$2.99 single\r\n$4.99 double\r\n\r\nDJ & Dancing", "time": "9pm - close"}}, {"model": "Events.event", "pk": 48, "fields": {"location": 37, "eventTitle": "Drink Special", "frequency": 4, "dayOfWeek": "FR", "active": true, "type": "OT", "description": "$2.99 Whiteclaws & Corona", "time": "9pm - close"}}, {"model": "Events.event", "pk": 49, "fields": {"location": 37, "eventTitle": "Karaoke Monday", "frequency": 4, "dayOfWeek": "MO", "active": true, "type": "OT", "description": "Karaoke", "time": "starts at 9:30pm"}}, {"model": "Events.event", "pk": 50, "fields": {"location": 37, "eventTitle": "Bingo Tuesday", "frequency": 4, "dayOfWeek": "TU", "active": true, "type": "OT", "description": "Win Beer Bucks!", "time": "starts at 9:30pm"}}, {"model": "Events.event", "pk": 51, "fields": {"location": 37, "eventTitle": "Mug Club", "frequency": 4, "dayOfWeek": "TU", "active": true, "type": "OT", "description": "Mug Club Specials", "time": "4pm - 10pm"}}, {"model": "Events.event", "pk": 52, "fields": {"location": 37, "eventTitle": "Mug Club", "frequency": 4, "dayOfWeek": "WE", "active": true, "type": "OT", "description": "Mug Club", "time": "4pm - 10pm"}}, {"model": "Events.event", "pk": 53, "fields": {"location": 37, "eventTitle": "Mug Club", "frequency": 4, "dayOfWeek": "TH", "active": true, "type": "OT", "description": "Mug Club", "time": "4pm - 10pm"}}, {"model": "Events.event", "pk": 54, "fields": {"location": 37, "eventTitle": "Trike Races", "frequency": 4, "dayOfWeek": "WE", "active": true, "type": "OT", "description": "Win Prizes!", "time": "Post Time 9:30pm"}}, {"model": "Events.event", "pk": 55, "fields": {"location": 37, "eventTitle": "Drink Special", "frequency": 4, "dayOfWeek": "SA", "active": true, "type": "OT", "description": "$2.99 Single & Specialty Shots\r\n$4.99 Double Wells\r\n\r\nDJ & Dancing", "time": "9pm - close"}}, {"model": "Events.fav", "pk": 1, "fields": {"user": 16, "location": 22}}, {"model": "Events.fav", "pk": 2, "fields": {"user": 16, "location": 8}}, {"model": "Events.fav", "pk": 3, "fields": {"user": 1, "location": 8}}, {"model": "Events.fav", "pk": 4, "fields": {"user": 1, "location": 7}}, {"model": "Events.fav", "pk": 5, "fields": {"user": 1, "location": 8}}, {"model": "Events.fav", "pk": 6, "fields": {"user": 1, "location": 37}}, {"model": "Events.fav", "pk": 7, "fields": {"user": 1, "location": 7}}, {"model": "Events.fav", "pk": 8, "fields": {"user": 16, "location": 22}}, {"model": "Events.fav", "pk": 9, "fields": {"user": 16, "location": 22}}, {"model": "Events.fav", "pk": 10, "fields": {"user": 16, "location": 22}}, {"model": "Events.fav", "pk": 11, "fields": {"user": 16, "location": 8}}, {"model": "Events.fav", "pk": 12, "fields": {"user": 16, "location": 8}}, {"model": "Events.fav", "pk": 13, "fields": {"user": 16, "location": 37}}, {"model": "Events.fav", "pk": 14, "fields": {"user": 16, "location": 37}}, {"model": "Events.fav", "pk": 15, "fields": {"user": 16, "location": 37}}, {"model": "Events.fav", "pk": 16, "fields": {"user": 16, "location": 2}}, {"model": "Events.fav", "pk": 17, "fields": {"user": 16, "location": 11}}, {"model": "Events.fav", "pk": 18, "fields": {"user": 16, "location": 37}}, {"model": "Events.fav", "pk": 19, "fields": {"user": 1, "location": 8}}, {"model": "Events.fav", "pk": 20, "fields": {"user": 1, "location": 8}}, {"model": "Events.fav", "pk": 21, "fields": {"user": 1, "location": 8}}, {"model": "Events.fav", "pk": 22, "fields": {"user": 1, "location": 8}}, {"model": "Events.fav", "pk": 23, "fields": {"user": 1, "location": 8}}, {"model": "Events.fav", "pk": 24, "fields": {"user": 1, "location": 22}}, {"model": "Events.fav", "pk": 25, "fields": {"user": 1, "location": 2}}, {"model": "Events.fav", "pk": 26, "fields": {"user": 1, "location": 7}}, {"model": "Events.fav", "pk": 27, "fields": {"user": 1, "location": 37}}]
